Mod,Plot,Type,Distance,Side,UniqueID,Altitude,Decl1,Decl2,Decl3,Decl4,Aspecto,Prof1,Prof2,Prof3,Prof4,Rocha1,Rocha2,Rocha3,Rocha4,Solo1,Solo2,Solo3,Solo4,Biom1,Biom2,Biom3,Biom4,Serra1,Serra2,Serra3,Serra4,esp_serra1,esp_serra2,esp_serra3,esp_serra4,grimpa1,grimpa2,grimpa3,grimpa4,hmax,dossel,agua,Gado,Veg,Fogo,tipo.veg,obs,obs2,data
1,M01T01,Terrestre,25,J,TN500_25_J,1550,19,14.5,20,26,345,30,15,25,51,0,0,1,10,0,1,0,8,15,8,10,10,85,91,89,72,2,1.4,2,2.5,18,10,16,5,16,13.795625,,Sim,Carazal,,FOM,,,11/2/2020
1,M01T01,Terrestre,75,J,TN500_75_J,1550,40,40,40,40,300,0,0,0,0,100,100,100,100,0,0,0,0,0,0,0,0,0,0,0,0,0,0,0,0,0,0,0,0,7,47.2328125,,Sim,Taquaral,,FOM,,,11/2/2020
1,M01T01,Terrestre,125,J,TN500_125_J,1550,33.5,16,18,26,305,51,51,20,40,0,0,0,0,0,0,0,0,5,8,5,5,95,92,95,95,5,3,5,2.5,5,6,10,15,14,16.75875,,Sim,,,FOM,bem na estrada,,11/2/2020
1,M01T01,Terrestre,175,J,TN500_175_J,1550,11,10,15.3,14,300,51,51,45,46,0,0,5,20,0,0,10,0,2,0,1,0,98,100,84,80,5,5.6,9,4,0,0,0,2,12,18.03,,Sim,Dicksonia sellowiana,,FOM,bem na estrada,,11/2/2020
1,M01T01,Terrestre,225,J,TN500_225_J,1550,20,16,25,20,300,51,20,51,51,0,0,0,0,0,0,0,0,0,0,0,0,100,100,100,100,5,7,4,7.5,6,30,10,5,16,23.51,,Sim,Araucaria angustifolia + Dicksonia sellowiana,,FOM,,,11/2/2020
1,M01T01,Terrestre,25,M,TN500_25_M,1550,47,20,45,46,345,51,10,51,10,30,20,40,5,0,0,0,0,2,0,0,0,68,80,60,95,4,3,4,2,40,30,60,15,18,12.45520833,,Sim,Araucaria angustifolia + Dicksonia sellowiana,,FOM,,,11/2/2020
1,M01T01,Terrestre,75,M,TN500_75_M,1550,33,38,31,16,300,25,51,26,40,60,0,0,0,0,0,0,0,0,0,1,5,40,100,99,95,6,11,2,3.1,0,0,2,2,12,19.32083333,,Sim,Dicksonia sellowiana,,FOM,,,11/2/2020
1,M01T01,Terrestre,125,M,TN500_125_M,1550,0.1,0.1,0.1,0.1,310,30,10,12,20,0,4,0,0,0,0,0,0,95,76,94,100,5,20,6,0,0.1,0.2,0.1,0,5,0,6,1,7.5,55.67125,,Sim,,,FOM,,,11/2/2020
1,M01T01,Terrestre,175,M,TN500_175_M,1550,44,42,28,40,315,0,13,51,40,100,5,0,40,0,60,50,50,0,0,0,0,0,35,50,10,0,6,6,10,0,0,0,0,11.5,21.53541667,,Sim,Dicksonia sellowiana,,FOM,,,11/2/2020
1,M01T01,Terrestre,225,M,TN500_225_M,1550,18,20,13,12,285,5,51,51,20,30,0,0,0,0,0,0,0,0,0,5,5,70,100,95,95,8.5,4.3,5.3,4,0,0,5,1,11,21.27177083,,Sim,Dicksonia sellowiana,,FOM,,,11/2/2020
1,M01T02,Terrestre,25,J,TN1500_25_J,1459,19,19,19,19,70,27,27,27,27,0,0,0,0,5,8,5,8,3,10,5,5,92,82,90,87,0.3,0.6,0.3,0.2,0,0,0,0,2.8,76.8653125,,,Baccharis uncinella,Fogo,FOM-CAMPO,,,
1,M01T02,Terrestre,75,J,TN1500_75_J,1459,14,14,14,14,70,40,40,40,40,0,5,40,5,15,0,0,15,10,15,4,20,75,80,56,60,2,0.6,0.5,0.2,0,0,0,0,2,84.52385417,,,Baccharis uncinella,Fogo,FOM-CAMPO,,,
1,M01T02,Terrestre,125,J,TN1500_125_J,1459,13,13,13,13,70,25,25,25,25,10,30,0,0,0,0,0,0,1,1,3,1,89,69,97,99,1.8,2.8,3,2.3,0,0,0,0,10,55.89989583,,,Araucaria angustifolia,Fogo,FOM-CAMPO,,,
1,M01T02,Terrestre,175,J,TN1500_175_J,1459,30,30,30,30,70,51,51,51,51,50,5,0,0,0,0,0,0,20,5,10,10,30,90,90,90,3.1,2.5,2.6,1.8,5,15,50,70,14,44.21604167,,,,,FOM-CAMPO,,,
1,M01T02,Terrestre,225,J,TN1500_225_J,1459,15,15,15,15,70,20,20,20,20,0,5,0,20,5,15,10,10,95,80,90,70,0,0,0,0,0,0,0,0,5,5,10,10,10,48.2746875,,,Araucaria angustifolia,,FOM-CAMPO,,,
1,M01T02,Terrestre,25,M,TN1500_25_M,1459,9.5,9.5,9.5,9.5,70,21.1,21.1,21.1,21.1,0,0,0,30,95,98,92,68,0,0,0,0,5,2,8,2,0.1,0.1,0.2,0.1,0,0,0,0,3,97.1215625,,,Baccharis uncinella,Fogo,FOM-CAMPO,,,
1,M01T02,Terrestre,75,M,TN1500_75_M,1459,17.5,17.5,17.5,17.5,70,19,19,19,19,70,10,50,80,0,0,0,0,0,5,5,0,30,85,45,20,2.3,1.5,3.3,3,0,0,0,0,4,81.98395833,,,Baccharis uncinella,Fogo,FOM-CAMPO,,,
1,M01T02,Terrestre,125,M,TN1500_125_M,1459,6,6,6,6,70,30,30,30,30,0,15,0,0,0,0,0,0,50,50,85,90,50,35,15,10,1.7,2.5,2.5,0.9,0,0,0,0,5,45.3034375,,,,,FOM-CAMPO,,,
1,M01T02,Terrestre,175,M,TN1500_175_M,1459,7,7,7,7,70,51,51,51,51,0,0,0,3,0,0,0,0,30,30,20,40,70,70,80,57,3,3.1,3.5,2.2,0,0,20,0,5,48.5775,,,Eupatorium spp,,FOM-CAMPO,,,
1,M01T02,Terrestre,225,M,TN1500_225_M,1459,1,1,1,1,70,51,51,51,51,0,0,0,0,0,0,5,5,60,80,90,70,40,20,5,25,4,5.5,2,2,0,0,5,5,4,85.10072917,,,Eupatorium spp,,FOM-CAMPO,,,
1,M01T03,Terrestre,25,J,TN2500_25_J,1453,20,20,20,20,250,51,51,51,51,0,0,0,0,0,0,0,0,0,0,0,0,100,100,100,100,46,40,15,30,0,0,0,0,3,24.27552083,,,Dicksonia sellowiana,,FOM,,,
1,M01T03,Terrestre,75,J,TN2500_75_J,1453,33,33,33,33,250,51,51,51,51,0,0,0,0,0,0,0,0,0,0,0,0,100,100,100,100,48,35,41,50,0,0,0,0,9,22.664375,,,Dicksonia sellowiana,,FOM,,,
1,M01T03,Terrestre,125,J,TN2500_125_J,1453,45,45,45,45,250,45,45,45,45,10,0,0,0,0,0,0,0,0,0,0,0,90,100,100,100,15,15,29,20,20,15,8,5,16,5.891458333,,,Dicksonia sellowiana,,FOM,,,
1,M01T03,Terrestre,175,J,TN2500_175_J,1453,16.5,16.5,16.5,16.5,300,51,51,51,51,0,0,0,0,0,0,0,0,0,0,0,0,100,100,100,100,10,7.5,7,19,0,0,0,0,8,19.6353125,,,Dicksonia sellowiana,,FOM,,,
1,M01T03,Terrestre,225,J,TN2500_225_J,1453,24.5,24.5,24.5,24.5,310,40,40,40,40,100,0,0,0,0,0,0,0,0,0,0,0,0,100,100,100,0,7.5,7.6,14.4,0,0,0,0,8.5,22.54479167,,,Dicksonia sellowiana,,FOM,,,
1,M01T03,Terrestre,25,M,TN2500_25_M,1453,37,37,37,37,280,51,51,51,51,0,0,15,5,3,5,20,10,0,0,0,0,97,95,65,85,3,7,6,5,3,5,20,10,14,23.90395833,,,Dicksonia sellowiana,,FOM,,,
1,M01T03,Terrestre,75,M,TN2500_75_M,1453,33,33,33,33,250,51,51,51,51,0,0,0,0,30,12,0,0,5,8,20,0,65,80,80,100,4,4,9,13,0,0,0,0,2.5,39.8165625,,,Dicksonia sellowiana,,FOM,,,
1,M01T03,Terrestre,125,M,TN2500_125_M,1453,40,40,40,40,240,45,45,45,45,0,0,0,0,0,0,0,0,0,0,0,0,100,100,100,100,36,25,30,45,0,0,0,0,5.5,6.831666667,,,Dicksonia sellowiana,,FOM,,,
1,M01T03,Terrestre,175,M,TN2500_175_M,1453,31,31,31,31,300,51,51,51,51,0,0,0,0,0,0,0,0,0,0,0,0,100,100,100,100,24,20,16,13,0,0,0,0,13,8.9709375,,,Dicksonia sellowiana,,FOM,,,
1,M01T03,Terrestre,225,M,TN2500_225_M,1453,16.9,16.9,16.9,16.9,320,30,30,30,30,0,5,0,0,10,60,15,25,0,0,5,5,90,35,80,70,3,5,5,3,2,60,15,25,11,35.61041667,,,Dicksonia sellowiana + Araucaria angustifolia,,FOM,,,
1,M01T04,Terrestre,25,J,TN3500_25_J,1592,25,10,26,17,229,18,40,35,10,0,0,0,0,5,0,5,0,0,5,5,2,95,95,90,98,2,1.5,2.3,2.6,0,0,0,0,7,16.93135417,,,,,FOM,,,2/20/2020
1,M01T04,Terrestre,75,J,TN3500_75_J,1592,16,13,13,14,197,51,20,45,51,0,0,0,0,0,0,0,0,80,90,80,65,20,10,20,35,1.3,2,5,4,20,0,5,10,10,17.11458333,,,,,FOM,,,2/20/2020
1,M01T04,Terrestre,125,J,TN3500_125_J,1592,12,22,26,14,272,40,30,40,51,0,0,60,0,0,0,0,0,5,2,0,5,95,98,40,95,7.5,5,4.5,6,45,10,5,30,13,10.2959375,,,,,FOM,,,2/20/2020
1,M01T04,Terrestre,175,J,TN3500_175_J,1592,18,18,16,18,241,51,51,31,51,0,0,0,0,0,0,0,0,8,5,2,0,92,95,98,100,2.5,2,2,2.2,10,15,10,10,11,13.65322917,,,,,FOM,,,2/20/2020
1,M01T04,Terrestre,225,J,TN3500_225_J,1592,23,15,21,13,241,51,22,40,30,0,0,0,0,0,0,0,0,50,5,5,0,50,95,95,100,2,1.7,3.5,1.5,0,0,0,0,7,18.57239583,,,,,FOM,,,2/20/2020
1,M01T04,Terrestre,25,M,TN3500_25_M,1592,15,12,16,10,200,21,22,17,25,0,0,0,0,1,0,0,0,50,60,40,40,49,40,60,60,2.8,3.3,4.6,4,0,0,0,0,8,30.4171875,,,,,FOM,,,2/20/2020
1,M01T04,Terrestre,75,M,TN3500_75_M,1592,9,12,19,20,208,51,51,51,51,0,0,0,0,5,0,2,2,70,40,30,40,25,60,68,58,2.4,2.2,2,2.6,0,0,0,0,9,24.39447917,,,,,FOM,,,2/20/2020
1,M01T04,Terrestre,125,M,TN3500_125_M,1592,26,10,2,17,273,35,20,30,30,0,0,0,0,0,0,0,0,10,5,2,2,90,95,98,98,5,11,6.1,3,15,20,25,25,12,11.511875,,,,,FOM,,,2/20/2020
1,M01T04,Terrestre,175,M,TN3500_175_M,1592,23,23,20,30,275,51,20,30,25,0,0,0,0,0,0,0,0,2,0,0,5,98,100,100,95,6.5,5,4,6,0,0,0,0,8,28.87197917,,,,,FOM,,,2/20/2020
1,M01T04,Terrestre,225,M,TN3500_225_M,1592,10,8,10,23,240,40,51,40,51,0,0,0,0,0,0,0,0,5,5,10,10,95,95,90,90,3.4,4.4,4.2,3.5,50,60,20,25,11,10.569375,,,,,FOM,,,2/20/2020
1,M01T04,Terrestre,25,J,TN3500_25_J,1592,18,13.5,28,22,190,11,11,15,20,0,0,0,0,0,0,0,0,5,3,9,15,95,97,91,85,2,1.6,1,2.5,0,0,0,0,10,16.93135417,,,Myrceugenia glauscescens + Dicksonia sellowiana (baixo),,FOM,,,11/13/2020
1,M01T04,Terrestre,75,J,TN3500_75_J,1592,12.8,12.8,12.8,12.8,250,51,40,41,51,0,0,0,0,0,0,0,0,6,1,1,2,94,99,99,98,1.5,4.2,5.5,3,0,0,5,2,10,17.11458333,,,Myrceugenia glauscescens + Dicksonia sellowiana (baixo),,FOM,,,11/13/2020
1,M01T04,Terrestre,125,J,TN3500_125_J,1592,14,15,20,8,240,40,45,40,38,0,0,0,0,0,0,0,0,1,3,3,2,99,97,97,98,2.5,4.6,3,5,5,3,40,8,16,10.2959375,,,Dicksonia sellowiana (pequena) + Drimys angustifolia + Mnyrceugenia glauscescens,,FOM,,,11/13/2020
1,M01T04,Terrestre,175,J,TN3500_175_J,1592,14,15.2,15,16,260,40,45,40,43,0,0,0,0,0,0,0,0,5,8,5,2,95,92,95,98,2,1,2.5,3,8,20,20,20,17,13.65322917,,Sim,Myrceugenia spp. + Dicksonia sellowiana (baixo),,FOM,,,11/13/2020
1,M01T04,Terrestre,225,J,TN3500_225_J,1592,14,10,8.8,13.4,270,40,40,35,40,0,0,0,0,0,0,0,0,5,8,1,1,95,92,99,99,2.5,2,2.5,4.5,0,0,0,0,11,18.57239583,,,Myrceugenia glauscescens + Dicksonia sellowiana (baixo),,FOM,,,11/13/2020
1,M01T04,Terrestre,25,M,TN3500_25_M,1592,21,16.8,24,18,200,18,25,30,18,0,0,0,0,0,0,0,0,6,10,5,5,94,90,95,95,2,3,2,2.5,0,0,0,0,10,30.4171875,,,Dicksonia sellowiana (pequena) + Drimys angustifolia + Mnyrceugenia glauscescens,,FOM,,,11/13/2020
1,M01T04,Terrestre,75,M,TN3500_75_M,1592,12,12,12,12,210,18,51,51,45,0,0,0,0,0,0,0,0,0,0,0,0,100,100,100,100,4,3,5,7,0,0,0,0,11,24.39447917,,,Dicksonia sellowiana (baixo) + Drimys angustifolia,,FOM,,,11/13/2020
1,M01T04,Terrestre,125,M,TN3500_125_M,1592,7,6,16,19,280,30,20,31,13,0,0,0,0,0,0,0,0,0,0,0,0,100,100,100,100,5,8.5,8,5,70,60,80,8,15,11.511875,,,Dicksonia sellowiana (baixo) + Drimys angustifolia,,FOM,,,11/13/2020
1,M01T04,Terrestre,175,M,TN3500_175_M,1592,12,18,16.3,11.4,255,16,23,29,40,0,0,0,0,0,0,0,0,0,0,0,0,100,100,100,100,5.1,4.1,6,4.5,0,0,0,0,11,28.87197917,,,Dicksonia sellowiana (baixo),,FOM,,,11/13/2020
1,M01T04,Terrestre,225,M,TN3500_225_M,1592,20,15,13,18,250,32,35,35,35,0,0,0,0,0,0,0,0,5,8,5,2,95,92,95,98,4.6,3.2,7,2.5,15,35,50,60,18,10.569375,,,Myrceugenia glauscescens + Dicksonia sellowiana (baixo),,FOM,,,11/13/2020
1,M01T05,Terrestre,25,J,TN4500_25_J,1528,17,16,4,0.5,350,1,8,7,9,50,15,15,5,0,0,0,0,10,0,5,1,40,85,80,94,3,2,3,3,5,70,20,40,10,32.8725,,,,,FOM-CAMPO,,,10/31/2020
1,M01T05,Terrestre,75,J,TN4500_75_J,1528,2,2,1.5,1.5,348,25,30,25,25,0,0,0,0,0,0,0,0,3,5,2,1,97,95,98,99,1.2,5,4,4,20,50,45,55,11,28.60479167,,,Dysinaphya multicrenulata,,FOM-CAMPO,,,10/31/2020
1,M01T05,Terrestre,125,J,TN4500_125_J,1528,1.8,1.8,1.8,1.8,350,51,51,51,51,0,0,0,0,0,0,0,0,100,100,100,100,0,0,0,0,0,0,0,0,0,0,0,0,0,100,,,Banhado,,FOM-CAMPO,Alt campo:50 cm,banhado,10/31/2020
1,M01T05,Terrestre,175,J,TN4500_175_J,1528,3,3,3,3,350,5,4,15,10,20,15,0,25,65,60,5,70,15,25,95,5,0,0,0,0,0,0,0,0,0,0,0,0,5,88.46041667,100,,,,FOM-CAMPO,,,10/31/2020
1,M01T05,Terrestre,225,J,TN4500_225_J,1528,34,18,24,33.9,30,11,30,16,35,35,5,0,5,0,0,10,10,0,0,0,0,65,95,90,85,5,7,6,3,40,35,70,10,13,15.538125,,,Cara,,FOM-CAMPO,200-230 javali,,10/31/2020
1,M01T05,Terrestre,25,M,TN4500_25_M,1528,3,3,3,3,20,6,10,15,13,60,0,0,0,0,0,0,0,40,100,100,100,0,0,0,0,0,0,0,0,0,0,0,0,0,100,,,Dysinaphya multicrenulata,,FOM-CAMPO,banhado,alt campo: 13cm,10/31/2020
1,M01T05,Terrestre,75,M,TN4500_75_M,1528,5,5,5,5,348,20,20,30,20,0,0,0,0,0,0,0,0,100,100,100,100,0,0,0,0,0,0,0,0,0,0,0,0,3,79.50291667,,,Dysinaphya multicrenulata,,FOM-CAMPO,borda banhado,alt campo 30 cm,10/31/2020
1,M01T05,Terrestre,125,M,TN4500_125_M,1528,1.8,1.8,1.8,1.8,360,51,51,51,51,0,0,0,0,0,0,0,0,100,100,100,100,0,0,0,0,0,0,0,0,0,0,0,0,0,100,,,banhado,,FOM-CAMPO,,,10/31/2020
1,M01T05,Terrestre,175,M,TN4500_175_M,1528,4,4,4,4,15,51,51,51,51,0,0,0,0,0,0,0,0,100,100,100,100,0,0,0,0,0,0,0,0,0,0,0,0,0,100,,,banhado,,FOM-CAMPO,,,10/31/2020
1,M01T05,Terrestre,225,M,TN4500_225_M,1528,6,1,0.5,3.7,48,29,30,18,36,0,0,0,0,0,0,0,0,8,80,10,2,92,20,90,98,4,1,3,2.4,0,0,0,0,4.5,89.26020833,,Sim,Dysinaphya multicrenulata,,FOM-CAMPO,,,10/31/2020
1,M01T06,Terrestre,25,J,TS500_25_J,1500,28.5,23,6,3,25,5,9,5,23,15,60,6,0,77,32,82,92,8,8,12,8,0,0,0,0,0,0,0,0,0,0,0,0,2,99.0875,,,Campo + Bacharis uncinella (queimado),Sim,CAMPO,,,
1,M01T06,Terrestre,75,J,TS500_75_J,1500,6.5,1,3,3,40,13,25,23,27,0,22,6,15,32,73,79,45,8,5,15,40,60,0,0,0,3,0,0,0,0,0,0,0,2,100,,,Campo + Bacharis uncinella (queimado),Sim,CAMPO,Valeta nesse ponto,,
1,M01T06,Terrestre,125,J,TS500_125_J,1500,4,4,4,4,305,33,34,29,24,0,0,0,0,0,0,0,0,45,15,10,10,55,85,90,90,0.4,0.5,1.2,1,0,0,0,0,3,97.64291667,,,Campo + Bacharis uncinella (queimado),Sim,CAMPO,Gado em toda parcela,,
1,M01T06,Terrestre,175,J,TS500_175_J,1500,4,3,1.5,0.5,42,21,14,31,5,0,0,50,80,0,0,0,0,8,10,15,6,92,90,35,14,0.5,2,0.3,0.5,0,0,0,0,2.5,77.2871875,,,Campo + Bacharis uncinella (queimado),Sim,CAMPO,,,
1,M01T06,Terrestre,225,J,TS500_225_J,1500,23,23,23,23,66,0,0,0,0,100,100,100,100,0,0,0,0,0,0,0,0,0,0,0,0,0,0,0,0,0,0,0,0,3,100,,,Baccharis uncinella,,CAMPO,,,
1,M01T06,Terrestre,25,M,TS500_25_M,1500,18.8,2,6.7,8.6,25,51,51,51,51,0,0,0,0,0,8,10,10,0.5,3,1,3,99.5,89,89,87,2.5,3,1,0.5,0,0,0,0.5,4,96.836875,,Sim,Campo + Bacharis uncinella (queimado),Sim,CAMPO,,,
1,M01T06,Terrestre,75,M,TS500_75_M,1500,14,3,6.5,9,48,38,49,38,25,0,0,0,0,0,25,75,60,10,60,20,30,90,15,5,10,1.6,1.4,0.5,2.2,0,0,0,0,2,100,,,Campo + Bacharis uncinella (queimado),Sim,CAMPO,,,
1,M01T06,Terrestre,125,M,TS500_125_M,1500,7,1.5,8.4,3.5,20,40,40,40,40,0,0,0,0,0,0,0,0,25,8,7,4,75,92,93,96,1.2,1.5,1.1,1.5,0,0,0,0,2.5,86.2225,,,Campo + Bacharis uncinella (queimado),Sim,CAMPO,,,
1,M01T06,Terrestre,175,M,TS500_175_M,1500,3,1.5,6,4,340,51,51,51,51,0,0,0,0,0,0,0,0,4,4,5,8,96,96,95,92,1.5,2.5,1,1.5,0,0,0,0,2,93.798125,,Sim,Campo + Bacharis uncinella (queimado),Sim,CAMPO,,,
1,M01T06,Terrestre,225,M,TS500_225_M,1500,10,8,10,13,44,32,29,34,32,0,0,0,0,20,0,0,0,2,1,2,6,78,99,98,94,0.5,0.4,1.5,1,0,6,0,0,12,51.5171875,,,"Araucaria angustifolia + Vernonanthura sp. (arbusto, prov montevidensis)",,CAMPO,,,
1,M01T07,Terrestre,25,J,TS1500_25_J,1553,36.8,36.8,36.8,36.8,320,25,25,25,25,0,0,0,0,0,0,0,0,3,3,5,2,97,97,95,98,2,3,5,3,3,5,10,15,13,19.78604167,,,,,FOM,,,
1,M01T07,Terrestre,75,J,TS1500_75_J,1553,38.1,38.1,38.1,38.1,320,11,11,11,11,0,0,0,0,0,0,0,0,1,2,3,1,99,98,97,99,2.5,3,4,2.5,0,0,0,0,12,16.85770833,,,,,FOM,,,
1,M01T07,Terrestre,125,J,TS1500_125_J,1553,30.9,30.9,30.9,30.9,320,23.5,23.5,23.5,23.5,0,0,0,0,0,0,0,0,2,0,3,5,98,100,97,95,5,8,5.2,5,0,0,0,0,8,10.548125,,,,,FOM,,,
1,M01T07,Terrestre,175,J,TS1500_175_J,1553,18.9,18.9,18.9,18.9,320,19.5,19.5,19.5,19.5,0,0,0,0,0,0,0,0,10,3,5,5,90,97,95,95,3.2,5,3,4,0,0,0,0,11,12.97854167,,,Myrceugenia glaucescens,,FOM,,,
1,M01T07,Terrestre,225,J,TS1500_225_J,1553,30.1,30.1,30.1,30.1,320,25,25,25,25,0,20,0,0,0,0,0,0,10,10,2,5,90,70,98,95,8,6,6.3,5,0,0,0,0,8,9.7503125,,,,,FOM,,,
1,M01T07,Terrestre,25,M,TS1500_25_M,1553,36,36,36,36,320,23,23,23,23,0,0,0,0,9,5,0,10,8,3,3,5,83,92,97,85,4.5,5,4,4,8,0,0,10,14,14.91083333,,,,,FOM,,,
1,M01T07,Terrestre,75,M,TS1500_75_M,1553,25.9,25.9,25.9,25.9,320,10,10,10,10,0,0,0,3,0,0,0,0,10,15,5,3,90,85,95,94,2,1.5,1.5,3,0,0,3,3,9.5,16.689375,,,Myrceugenia glaucescens,,FOM,,,
1,M01T07,Terrestre,125,M,TS1500_125_M,1553,32.9,32.9,32.9,32.9,320,19,19,19,19,0,0,0,0,0,0,0,0,3,5,10,8,97,95,90,92,4,1,2,7,0,0,0,3,7,12.024375,,,Myrceugenia glaucescens,,FOM,,,
1,M01T07,Terrestre,175,M,TS1500_175_M,1553,20.7,20.7,20.7,20.7,320,30,30,30,30,0,0,0,0,0,0,0,0,3,5,2,2,97,95,98,98,3.5,4.1,4,3.5,2,0,0,0,12,14.59,,,Cará,,FOM,,,
1,M01T07,Terrestre,225,M,TS1500_225_M,1553,30.4,30.4,30.4,30.4,320,16.3,16.3,16.3,16.3,0,0,0,0,0,0,0,0,1,5,2,1,99,95,98,99,5,3.5,4.2,4,6,3,10,13,12,6.725,,Sim,,,FOM,,,
1,M01T08,Terrestre,25,J,TS2500_25_J,1625,14,12,9.5,5,340,51,51,20,40,0,0,0,0,0,0,0,0,5,0,10,5,95,100,90,95,2.2,2.6,3.3,3.7,90,90,80,85,14,10.06177083,,,Drimys angustifolia,,FOM,corte seletivo (25 j),,11/1/2020
1,M01T08,Terrestre,75,J,TS2500_75_J,1625,7,12,14,5,320,10,6,8,12,35,0,0,0,0,0,0,0,35,20,12,20,30,80,88,80,2.1,2.6,4,2.4,2,2,3,0,12,27.02927083,,,Drimys angustifolia,,FOM,,,11/1/2020
1,M01T08,Terrestre,125,J,TS2500_125_J,1625,19,22.5,18,27,330,51,51,51,51,0,0,0,0,0,0,0,5,10,10,5,3,90,90,95,92,3.6,3.3,2.8,1.8,3,0,8,0,15,9.1425,,,,,FOM,,,11/1/2020
1,M01T08,Terrestre,175,J,TS2500_175_J,1625,18,80,20,10,320,35,25,40,15,0,0,0,0,0,0,0,0,3,5,0,0,97,95,100,100,2,2.5,4,3,75,95,100,100,16,23.065625,,,Drimys angustifolia,,FOM,,,11/1/2020
1,M01T08,Terrestre,225,J,TS2500_225_J,1625,3,14,5,10,352,51,28,30,35,0,5,50,0,0,0,0,0,12,20,5,3,88,75,45,97,2.5,3.1,3.5,3.2,35,46,30,25,16,9.468541667,,,Drimys angustifolia,,FOM,,,11/1/2020
1,M01T08,Terrestre,25,M,TS2500_25_M,1625,3.5,17,21,13,318,19,22,25,51,0,0,0,0,0,0,0,0,5,2,2,1,95,98,98,99,5,6,5,4,10,0,0,3,15,19.77770833,,,Drimys angustifolia,,FOM,,,11/1/2020
1,M01T08,Terrestre,75,M,TS2500_75_M,1625,4.5,4.5,4.5,4.5,315,29,51,40,40,0,0,0,0,0,0,0,0,0,1,5,0,100,99,95,100,6,3.3,4.5,4.5,100,99,95,100,16,13.29833333,,,,,FOM,,,11/1/2020
1,M01T08,Terrestre,125,M,TS2500_125_M,1625,23,25,12,7,320,25,25,51,30,0,0,0,0,0,0,0,0,15,15,15,15,85,85,85,85,4.2,5.1,4.4,5,0,0,0,0,12,11.68427083,,,Drimys angustifolia,,FOM,,,11/1/2020
1,M01T08,Terrestre,175,M,TS2500_175_M,1625,3,10,16,15.5,50,15,35,20,10,0,0,0,0,0,0,0,0,5,5,15,18,95,95,85,82,1.5,4,2.5,5.2,95,80,50,35,15,15.50375,,,Drimys angustifolia,,FOM,,,11/1/2020
1,M01T08,Terrestre,225,M,TS2500_225_M,1625,16,7,15,4.5,315,40,51,35,51,0,0,0,0,0,0,0,0,6,6,3,2,94,94,97,98,2,2,3,1.1,3,2,0,0,8,7.392916667,,,Drimys angustifolia,,FOM,,,11/1/2020
1,M01T09,Terrestre,25,J,TS3500_25_J,1640,5,16,3,10,305,20,15,10,10,0,0,0,0,0,0,0,0,5,5,5,5,95,95,95,95,4,6,4,5.5,0,0,0,0,5,40.96416667,,,Myrceugenia glauscecens,,FOM-CAMPO,,,
1,M01T09,Terrestre,75,J,TS3500_75_J,1640,16,10,16,10,295,15,10,9,8,0,0,0,0,0,0,0,0,0,5,4,8,100,95,96,92,4,4.5,2,5,0,0,0,0,4.5,21.05125,,,Myrceugenia glauscecens e Baccharis,,FOM-CAMPO,,,
1,M01T09,Terrestre,125,J,TS3500_125_J,1640,6,7,6,0,335,51,51,51,51,0,0,0,0,0,0,0,0,80,90,50,60,20,10,50,40,2,3.5,2,4,0,0,0,0,6,33.87083333,,,Myrceugenia glauscecens,,FOM-CAMPO,,,
1,M01T09,Terrestre,175,J,TS3500_175_J,1640,18,8,7,6.5,40,51,51,51,51,0,0,0,0,91,92,60,57,6,0,10,3,3,8,30,40,0.5,0.5,0.5,0.5,0,0,0,0,5,78.15427083,,,Campo/Baccharis,Sim,FOM-CAMPO,,baccharis queimado,
1,M01T09,Terrestre,225,J,TS3500_225_J,1640,0,4,9,5,80,32,30,35,33,0,0,0,0,87,90,92,92,13,10,8,8,0,0,0,0,0,0,0,0,0,0,0,0,2.5,100,,,Campo/Baccharis,Sim,FOM-CAMPO,,baccharis queimado,
1,M01T09,Terrestre,25,M,TS3500_25_M,1640,6,11,6,13,315,15,8,12,11,0,0,0,0,0,0,0,0,50,40,15,15,50,60,85,85,2,2,3,3,0,0,0,0,8,29.38947917,,,,,FOM-CAMPO,20-30 fogo dist 10 a 20 m,,
1,M01T09,Terrestre,75,M,TS3500_75_M,1640,15,7,7,1,285,51,51,51,51,0,0,0,0,0,0,0,0,100,100,100,100,0,0,0,0,0,0,0,0,0,0,0,0,9,49.775,,,Myrceugenia glauscecens,,FOM-CAMPO,,,
1,M01T09,Terrestre,125,M,TS3500_125_M,1640,2.5,2.5,2.5,2.5,340,4,6,10,7,0,0,0,0,5,95,40,20,10,5,30,15,85,0,30,65,0.5,0,1.5,1,0,0,0,0,7,15.1515625,,,Myrceugenia glauscecens,,FOM-CAMPO,120-130m - javali,javali,
1,M01T09,Terrestre,175,M,TS3500_175_M,1640,16,8,9,8,40,51,51,51,45,0,0,0,0,98,95,90,92,2,5,10,8,0,0,0,0,0,0,0,0,0,0,0,0,2.5,97.56145833,,,Campo/Baccharis,Sim,FOM-CAMPO,,baccharis queimado,
1,M01T09,Terrestre,225,M,TS3500_225_M,1640,6.5,14,3,6,80,35,20,15,30,0,0,0,0,60,65,70,80,40,35,30,20,0,0,0,0,0,0,0,0,0,0,0,0,2.5,100,,,Campo/Baccharis,Sim,FOM-CAMPO,240-250j - javalis,baccharis queimado,
1,M01T10,Terrestre,25,J,TS4500_25_J,1670,3,6.7,3.5,8.1,330,33,33,36,30,0,0,0,0,50,60,65,85,50,40,35,15,0,0,0,0,0,0,0,0,0,0,0,0,0,100,,Sim,,Sim,CAMPO,,,10/31/2020
1,M01T10,Terrestre,75,J,TS4500_75_J,1670,11,2,7,1.2,300,40,40,39,47,0,0,0,0,85,80,85,95,15,20,15,5,0,0,0,0,0,0,0,0,0,0,0,0,0,100,,Sim,,Sim,CAMPO,,,10/31/2020
1,M01T10,Terrestre,125,J,TS4500_125_J,1670,6.2,8.5,7,0,300,18,24,21,21,0,0,0,0,15,10,45,70,85,90,55,30,0,0,0,0,0,0,0,0,0,0,0,0,0,100,,Sim,,Sim,CAMPO,,,10/31/2020
1,M01T10,Terrestre,175,J,TS4500_175_J,1670,6.6,6,1.6,5.5,255,25,30,10,20,0,0,15,0,80,60,50,60,20,40,35,40,0,0,0,0,0,0,0,0,0,0,0,0,0,100,,Sim,,Sim,CAMPO,,,10/31/2020
1,M01T10,Terrestre,225,J,TS4500_225_J,1670,9,3,2,5,250,25,20,40,20,0,0,0,0,85,35,70,75,15,65,30,25,0,0,0,0,0,0,0,0,0,0,0,0,0,100,,Sim,,Sim,CAMPO,,,10/31/2020
1,M01T10,Terrestre,25,M,TS4500_25_M,1670,10.3,13,4.1,6.4,290,44,48,41,30,0,0,0,0,40,30,40,50,60,70,60,50,0,0,0,0,0,0,0,0,0,0,0,0,0,100,,Sim,,Sim,CAMPO,,,10/31/2020
1,M01T10,Terrestre,75,M,TS4500_75_M,1670,12.5,8.5,19.3,8.3,315,17,24,21,20,0,0,0,0,96,92,90,96,4,8,10,4,0,0,0,0,0,0,0,0,0,0,0,0,0,100,,Sim,,Sim,CAMPO,,,10/31/2020
1,M01T10,Terrestre,125,M,TS4500_125_M,1670,3.4,2.2,7,5.5,300,34,34,34,35,0,0,0,0,83,67,82,50,17,33,18,50,0,0,0,0,0,0,0,0,0,0,0,0,0,100,,Sim,,Sim,CAMPO,,,10/31/2020
1,M01T10,Terrestre,175,M,TS4500_175_M,1670,0.9,0.8,12,8.6,270,40,35,30,51,0,0,0,0,60,20,80,75,40,10,15,25,0,70,5,0,0,0.5,0.5,0,0,0,0,0,0,100,,Sim,,Sim,CAMPO,,,10/31/2020
1,M01T10,Terrestre,225,M,TS4500_225_M,1670,1.1,0.5,0.5,16,250,51,51,51,51,0,0,0,0,70,80,80,85,30,20,20,15,0,0,0,0,0,0,0,0,0,0,0,0,0,100,,Sim,,Sim,CAMPO,,,10/31/2020
1,M01R04,Ripária,25,E,TS1845_25_E,1540,36,39,36,38,120,51,15,51,10,0,0,10,0,0,0,0,0,0,3,5,10,100,97,85,90,11,7,6,5,0,0,0,0,10,24.8484375,,Sim,Dicksonia sellowiana,,FOM,piq 40-70 varias arvores caidas,,11/1/2020
1,M01R04,Ripária,75,E,TS1845_75_E,1540,23,23,23,23,130,15,8,12,8,0,10,0,10,0,0,0,0,0,1,5,10,100,89,95,80,11,4,6,6,100,80,20,10,9.5,61.54041667,,Sim,Dicksonia sellowiana,,FOM,Arvore caida,,11/1/2020
1,M01R04,Ripária,125,E,TS1845_125_E,1540,0,0,0,0,90,0,0,0,0,100,100,100,100,0,0,0,0,0,0,0,0,0,0,0,0,0,0,0,0,0,0,0,0,5.5,18.7178125,,Sim,,,FOM,,,11/1/2020
1,M01R04,Ripária,175,E,TS1845_175_E,1540,10.6,10.6,10.6,10.6,0,5,4,6,5,30,20,50,20,0,0,0,0,0,0,5,20,70,80,45,60,3,3,3,1,0,5,3,0,6,30.378125,,Sim,,,FOM,,,11/1/2020
1,M01R04,Ripária,225,E,TS1845_225_E,1540,16,15,13,15,0,51,51,51,51,0,0,0,0,0,0,0,0,5,8,10,5,95,92,90,95,4,1.5,3,1.9,0,1,0,1,7,25.98447917,,Sim,Myrceugenia spp.,,FOM,,,11/1/2020
1,M01R04,Ripária,25,D,TS1845_25_D,1540,13,20,10,24,330,51,51,13,8,0,0,6,40,0,0,0,0,15,8,10,8,85,92,84,52,2.5,3,1.5,2,3,0,40,3,12,9.3925,,Sim,Myrt marrom,,FOM,,,11/1/2020
1,M01R04,Ripária,75,D,TS1845_75_D,1540,17,17,17,17,0,40,20,13,40,10,50,50,20,0,0,0,0,8,1,4,0,82,49,46,80,6,8,4.5,6,28,9,12,20,17,21.9928125,,Sim,Dicksonia sellowiana,,FOM,,,11/1/2020
1,M01R04,Ripária,125,D,TS1845_125_D,1540,21.5,21.5,21.5,21.5,345,13,13,20,15,0,0,75,0,0,0,0,0,2,0,0,0,98,100,25,100,8,20,14,13,5,0,0,0,15,34.72177083,,Sim,Dicksonia sellowiana,,FOM,,,11/1/2020
1,M01R04,Ripária,175,D,TS1845_175_D,1540,22,22,22,22,315,51,51,51,51,0,0,0,0,0,0,0,0,95,80,97,100,5,20,3,0,5,5,5,5,5,20,3,0,17,40.480625,,Sim,,,FOM,Arvore caida,,11/1/2020
1,M01R04,Ripária,225,D,TS1845_225_D,1540,11,11,11,11,315,45,10,0,5,0,90,100,5,0,0,0,0,12,0,0,15,88,10,0,80,1,0,0,1,0,0,0,0,11,10.37083333,100,Sim,Drimys angustifolia + Myrceugenia glauscecens,,FOM,,,11/1/2020
1,M01R04,Ripária,25,C,TS1845_25_C,1540,,,,,,,,,,,,,,,,,,,,,,,,,,,,,,,,,,,26.585,,,,,FOM,,,
1,M01R04,Ripária,75,C,TS1845_75_C,1540,,,,,,,,,,,,,,,,,,,,,,,,,,,,,,,,,,,26.705,,,,,FOM,,,
1,M01R04,Ripária,125,C,TS1845_125_C,1540,,,,,,,,,,,,,,,,,,,,,,,,,,,,,,,,,,,13.70479167,,,,,FOM,,,
1,M01R04,Ripária,175,C,TS1845_175_C,1540,,,,,,,,,,,,,,,,,,,,,,,,,,,,,,,,,,,29.58375,,,,,FOM,,,
1,M01R04,Ripária,225,C,TS1845_225_C,1540,,,,,,,,,,,,,,,,,,,,,,,,,,,,,,,,,,,9.881145833,,,,,FOM,,,
1,M01R01,Ripária,25,E,TN1169_25_E,1390,0.1,0.1,0.1,0.1,360,28,20,12,8,0,0,0,0,0,0,0,0,92,90,95,95,8,10,5,5,1,4,1.5,4,8,0,1,8,12,42.37479167,,Sim,,,FOM,,,11/2/2020
1,M01R01,Ripária,75,E,TN1169_75_E,1390,1,1,1,1,340,22,6,6,12,0,0,0,0,0,0,0,0,10,10,20,8,90,90,80,92,3.5,3.5,1.5,2.2,70,8,18,20,17,42.3790625,,Sim,Araucaria angustifolia,,FOM,,,11/2/2020
1,M01R01,Ripária,125,E,TN1169_125_E,1390,5,5,5,5,30,51,51,20,20,0,0,0,0,0,0,0,0,50,50,30,50,50,50,70,50,0.9,0.5,2,2.5,0,15,0,8,17,61.99729167,,Sim,,,FOM,,,11/2/2020
1,M01R01,Ripária,175,E,TN1169_175_E,1390,3,3,3,3,60,2,8,12,25,0,10,20,5,5,5,5,5,50,8,10,15,45,77,65,75,0.5,1.5,1,2,5,0,0,2,12,59.72541667,,Sim,Baccharis sp.,,FOM,Estrada 2m do rio,,11/2/2020
1,M01R01,Ripária,225,E,TN1169_225_E,1390,27,18,30,32,50,5,4,11,5,0,0,0,0,0,5,5,5,100,95,95,95,0,0,0,0,0,0,0,0,0,0,0,0,7,56.58666667,,Sim,Baccharis uncinella,,FOM,Estrada 2m do rio,,11/2/2020
1,M01R01,Ripária,25,D,TN1169_25_D,1390,15.5,20,13,18,225,30,35,51,51,0,0,0,0,0,0,0,0,20,10,0,2,80,90,100,98,5.5,5,5,5.4,30,20,15,8,11,36.3346875,,Sim,Araucaria angustifolia,,FOM,,,11/2/2020
1,M01R01,Ripária,75,D,TN1169_75_D,1390,31.5,33.3,19.7,17.5,240,51,51,51,51,0,0,0,0,0,0,0,0,1,3,4,5,99,97,96,95,2,3,2.5,1.5,0,0,5,2,15,15.69208333,,Sim,Myrceugenia glauscecens,,FOM,,,11/2/2020
1,M01R01,Ripária,125,D,TN1169_125_D,1390,1.8,3.8,7,3,250,8,5,51,51,0,0,0,0,0,0,0,0,4,10,5,0,96,90,95,100,1,0.9,2,1.5,95,80,90,90,17,26.33416667,,Sim,Araucaria angustifolia + Acca sellowiana,,FOM,,,11/2/2020
1,M01R01,Ripária,175,D,TN1169_175_D,1390,0.1,0.1,0.1,0.1,210,25,24,21,20,0,0,0,0,0,0,0,0,30,10,10,40,70,90,90,60,1.5,2,2.8,1.5,5,25,40,15,18,18.71,,Sim,Araucaria angustifolia + Acca sellowiana,,FOM,,,11/2/2020
1,M01R01,Ripária,225,D,TN1169_225_D,1390,0.1,0.1,0.1,0.1,240,51,8,51,51,0,0,0,0,0,0,0,0,90,100,85,90,10,0,15,10,0.1,0.1,0.3,0.2,5,0,5,5,12,45.0859375,,Sim,Araucaria angustifolia + Acca sellowiana,,FOM,,,11/2/2020
1,M01R01,Ripária,25,C,TN1169_25_C,1390,,,,,,,,,,,,,,,,,,,,,,,,,,,,,,,,,,,73.80604167,,,,,FOM,,,
1,M01R01,Ripária,75,C,TN1169_75_C,1390,,,,,,,,,,,,,,,,,,,,,,,,,,,,,,,,,,,71.545,,,,,FOM,,,
1,M01R01,Ripária,125,C,TN1169_125_C,1390,,,,,,,,,,,,,,,,,,,,,,,,,,,,,,,,,,,42.45145833,,,,,FOM,,,
1,M01R01,Ripária,175,C,TN1169_175_C,1390,,,,,,,,,,,,,,,,,,,,,,,,,,,,,,,,,,,56.05947917,,,,,FOM,,,
1,M01R01,Ripária,225,C,TN1169_225_C,1390,,,,,,,,,,,,,,,,,,,,,,,,,,,,,,,,,,,82.0403125,,,,,FOM,,,
1,M01R02,Ripária,25,E,TN4000_25_E,1504,15,15,15,15,45,40,15,51,20,0,0,0,0,0,0,0,0,0,0,0,0,100,100,100,100,6,7,5,7,40,40,25,5,14,12.36822917,,,Drimys angustifolia + Blechnum sp.,,FOM,,,11/3/2020
1,M01R02,Ripária,75,E,TN4000_75_E,1504,5,8,3,3,40,21,25,36,45,0,0,0,0,0,0,0,0,8,2,5,6,92,98,95,94,2.1,4,3,2.5,5,10,50,25,13,20.55604167,,,,,FOM,,,11/3/2020
1,M01R02,Ripária,125,E,TN4000_125_E,1504,8,8,8,8,355,51,40,8,20,0,0,0,0,0,0,0,0,1,2,0,0,99,98,100,100,10,12,5,3,0,0,0,0,10,31.96427083,,,Mimosa scabrella + Car[a + Blechnum sp.,,FOM,,,11/3/2020
1,M01R02,Ripária,175,E,TN4000_175_E,1504,0.1,0.1,0.1,0.1,45,10,5,5,9,0,0,0,0,0,0,0,0,65,85,30,35,35,15,70,65,1.5,1.5,1.5,0.5,0,0,0,0,8,28.04572917,,,Drimys angustifolia + Myrceugenia glauscecens,,FOM,,,11/3/2020
1,M01R02,Ripária,225,E,TN4000_225_E,1504,5,12,5,5,250,12,8,30,40,0,0,0,0,0,0,0,0,30,25,15,20,70,75,85,80,3,4,4,4,8,25,15,15,17,14.80864583,,,,,FOM,,,11/3/2020
1,M01R02,Ripária,25,D,TN4000_25_D,1504,15.4,13.5,18,17,255,23,18,14,22,0,0,0,0,0,0,0,0,85,90,85,85,15,10,15,15,3,3.8,2.5,1,10,0,1,0,14,12.35229167,,,,,FOM,Rio 2m Largura,,11/3/2020
1,M01R02,Ripária,75,D,TN4000_75_D,1504,12,12,12,12,280,51,51,51,51,0,0,0,0,0,0,0,0,0,0,0,0,100,100,100,100,4.1,7,3,7,8,0,5,2,11.5,13.56833333,,,Dicksonia sellowiana,,FOM,,,11/3/2020
1,M01R02,Ripária,125,D,TN4000_125_D,1504,3,3,3,3,240,51,51,51,51,0,0,0,0,0,0,0,0,5,5,5,5,95,95,95,95,5,4,3,4,2,0,30,10,17,11.21677083,,,Myrceugenia glauscescens,,FOM,,,11/3/2020
1,M01R02,Ripária,175,D,TN4000_175_D,1504,14,14,14,14,225,12,51,10,10,0,0,0,0,0,0,0,0,5,2,5,8,95,98,95,92,5.5,6,5,5,20,10,75,20,18,37.13739583,,,Myrceugenia glauscescens,,FOM,Rio 4m Largura,,11/3/2020
1,M01R02,Ripária,225,D,TN4000_225_D,1504,13.5,13.5,13.5,13.5,150,51,15,25,12,0,50,0,40,0,0,0,0,5,0,15,5,95,50,85,55,10,6,5,3.2,0,0,0,0,10,16.14864583,,,,,FOM,,,11/3/2020
1,M01R02,Ripária,25,C,TN4000_25_C,1504,,,,,,,,,,,,,,,,,,,,,,,,,,,,,,,,,,,15.4278125,,,,,FOM,,,
1,M01R02,Ripária,75,C,TN4000_75_C,1504,,,,,,,,,,,,,,,,,,,,,,,,,,,,,,,,,,,23.98916667,,,,,FOM,,,
1,M01R02,Ripária,125,C,TN4000_125_C,1504,,,,,,,,,,,,,,,,,,,,,,,,,,,,,,,,,,,42.60239583,,,,,FOM,,,
1,M01R02,Ripária,175,C,TN4000_175_C,1504,,,,,,,,,,,,,,,,,,,,,,,,,,,,,,,,,,,20.43364583,,,,,FOM,,,
1,M01R02,Ripária,225,C,TN4000_225_C,1504,,,,,,,,,,,,,,,,,,,,,,,,,,,,,,,,,,,11.94375,,,,,FOM,,,
1,M01R03,Ripária,25,E,S0080_25_E,1460,6,6,6,6,0,3,8,18,5,10,25,0,40,0,0,0,0,5,5,0,5,85,70,100,55,1.5,1.5,1,1.4,6,40,9,50,19,21.48114583,,,Araucaria angustifolia + Myrceugenia spp.,,FOM,,,11/5/2020
1,M01R03,Ripária,75,E,S0080_75_E,1460,4.5,4.5,4.5,4.5,20,51,51,51,51,0,0,0,0,0,0,0,0,45,80,80,35,55,20,20,65,0.4,0.4,0.4,0.4,0,0,0,0,8,12.74177083,,,Myrceugenia glauscescens,,FOM,,,11/5/2020
1,M01R03,Ripária,125,E,S0080_125_E,1460,27,27,27,27,95,36,44,5,33,0,0,40,0,0,0,0,0,2,5,5,3,98,95,55,97,3,2,2,8,5,6,5,8,18,25.8528125,,,Dicksonia sellowiana,,FOM,ordem dos piquetes: 225=195; 175=145; 125=95; 75=45; 25=225,,11/5/2020
1,M01R03,Ripária,175,E,S0080_175_E,1460,27,27,27,27,70,51,22,25,30,0,0,0,0,0,0,0,0,5,3,2,0,95,97,98,100,7,5,10,7.5,0,0,0,0,15.5,19.37322917,,,Dicksonia sellowiana + Lomaria spanagelli,,FOM,,,11/5/2020
1,M01R03,Ripária,225,E,S0080_225_E,1460,9,1,3,0.1,75,40,44,20,17,0,0,0,0,0,0,0,0,5,0,5,8,95,100,95,92,5.5,3,4,5.5,10,15,11,5,16,29.41291667,,,Acca sellowiana + Dicksonia sellowiana + Lomaria spanagelli,,FOM,,,11/5/2020
1,M01R03,Ripária,25,D,S0080_25_D,1460,13,13,13,13,310,51,51,51,51,0,0,0,0,0,0,0,0,85,95,80,75,15,5,20,25,1,0.5,0.5,1,8,5,20,25,15,66.3803125,,,Araucaria angustifolia + Baccharis uncinella + Myrceugenia glauscescens,,FOM,,,11/5/2020
1,M01R03,Ripária,75,D,S0080_75_D,1460,35,35,35,35,260,10,5,5,12,0,0,0,0,25,0,0,10,0,0,0,0,75,100,100,90,5.9,7.1,6,7,75,90,90,50,17,42.2015625,,,Araucaria angustifolia + Dicksonia sellowiana,,FOM,,,11/5/2020
1,M01R03,Ripária,125,D,S0080_125_D,1460,1.5,1.5,1.5,1.5,0,51,51,51,51,0,0,0,0,0,0,0,0,30,25,15,10,70,75,85,90,0.5,0.5,0.5,0.5,8,0,10,6,20,15.47677083,,,Myrceugenia spp. + Araucaria angustifolia,,FOM,,,11/5/2020
1,M01R03,Ripária,175,D,S0080_175_D,1460,24,24,24,24,240,1,51,32,28,75,5,10,40,0,0,0,0,10,5,8,8,15,90,82,52,2.5,0.6,2.5,3,10,25,10,20,14,16.701875,,,Myrceugenia glauscescens + Araucaria angustifolia,,FOM,Coco gado 210-220 D; 190-200D; 170-190D; 125D; 75 E; 220-230D,,11/5/2020
1,M01R03,Ripária,225,D,S0080_225_D,1460,48,48,48,48,272,35,9,51,22,0,25,25,0,0,0,0,0,1,3,3,2,99,72,72,98,7,5.5,4,3,0,15,0,5,7,65.49541667,,,Cará,,FOM,Largura ponto 25 6 metros; p225 4m; p125 10 m,,11/5/2020
1,M01R03,Ripária,25,C,S0080_25_C,1460,,,,,,,,,,,,,,,,,,,,,,,,,,,,,,,,,,,35.960625,,,,,FOM,,,
1,M01R03,Ripária,75,C,S0080_75_C,1460,,,,,,,,,,,,,,,,,,,,,,,,,,,,,,,,,,,8.0078125,,,,,FOM,,,
1,M01R03,Ripária,125,C,S0080_125_C,1460,,,,,,,,,,,,,,,,,,,,,,,,,,,,,,,,,,,39.65479167,,,,,FOM,,,
1,M01R03,Ripária,175,C,S0080_175_C,1460,,,,,,,,,,,,,,,,,,,,,,,,,,,,,,,,,,,53.2046875,,,,,FOM,,,
1,M01R03,Ripária,225,C,S0080_225_C,1460,,,,,,,,,,,,,,,,,,,,,,,,,,,,,,,,,,,77.46666667,,,,,FOM,,,
1,M01R05,Ripária,25,E,L859_25_E,1455,13.5,13.5,13.5,13.5,5,51,51,51,51,0,0,0,0,0,0,0,0,2,8,2,0,98,92,98,100,1,2,1.4,1.5,0,0,0,0,6,40.9759375,,Sim,Myrceugenia glauscescens + Lomaria spanagelli,,FOM,,,11/5/2020
1,M01R05,Ripária,75,E,L859_75_E,1455,36.5,36.5,36.5,36.5,330,51,51,22,25,0,0,0,0,0,0,0,0,0,0,0,0,100,100,100,100,6,7,12,12,90,25,45,10,11,43.27927083,,,Dicksonia sellowiana + Araucaria angustifolia,,FOM,Largura rio: 6 m,,11/5/2020
1,M01R05,Ripária,125,E,L859_125_E,1455,36,36,36,36,335,18,0,0,25,0,100,100,0,0,0,0,10,5,0,0,0,95,0,0,90,3,0,0,2.5,5,0,0,3,10,16.95229167,,,Myrceugenia glauscescens,,FOM,,,11/5/2020
1,M01R05,Ripária,175,E,L859_175_E,1455,34.5,34.5,34.5,34.5,320,30,12,26,31,15,5,0,0,10,0,5,0,0,0,0,0,75,95,95,100,5,13,6,9,0,0,0,0,4,29.34010417,,,Dicksonia sellowiana,,FOM,,,11/5/2020
1,M01R05,Ripária,225,E,L859_225_E,1455,75,75,75,75,340,0,0,0,0,100,100,100,100,0,0,0,0,0,0,0,0,0,0,0,0,0,0,0,0,0,0,0,0,15,16.12979167,,,Araucaria angustifolia,,FOM,foto foi embaixo,,11/5/2020
1,M01R05,Ripária,25,D,L859_25_D,1455,8,8,8,8,210,51,51,51,51,0,0,0,0,0,0,0,0,5,5,8,8,95,95,92,92,2.5,2,1.5,1.5,30,15,5,10,11,15.0953125,,Sim,,,FOM,gado 20-30 d + e,,11/5/2020
1,M01R05,Ripária,75,D,L859_75_D,1455,23.5,23.5,23.5,23.5,215,51,15,20,20,0,0,0,0,0,0,0,0,0,0,0,0,100,100,100,100,7,8,9,9,0,0,0,0,9,15.32354167,,Sim,Dicksonia sellowiana,,FOM,,,11/5/2020
1,M01R05,Ripária,125,D,L859_125_D,1455,33.5,33.5,33.5,33.5,185,34,9,51,31,0,0,50,0,0,0,0,0,0,0,0,0,100,100,50,100,8,6,4,9,10,4,15,15,7,15.61520833,,Sim,Dicksonia sellowiana + Araucaria angustifolia,,FOM,gado 120-130; 150-160,,11/5/2020
1,M01R05,Ripária,175,D,L859_175_D,1455,18,18,18,18,170,10,30,19,25,0,0,40,0,0,0,0,0,0,0,0,0,100,100,60,100,8,6,9,10,85,20,10,30,20,9.055625,,,Dicksonia sellowiana + Araucaria angustifolia,,FOM,largura rio: 8 m,,11/5/2020
1,M01R05,Ripária,225,D,L859_225_D,1455,46.5,46.5,46.5,46.5,145,8,6,15,10,30,0,10,5,10,5,0,5,5,2,0,5,55,93,90,85,0.5,1.5,7.5,2,2,0,10,0,10,11.93802083,,Sim,Dicksonia sellowiana,,FOM,largura rio 10 m,,11/5/2020
1,M01R05,Ripária,25,C,L859_25_C,1455,,,,,,,,,,,,,,,,,,,,,,,,,,,,,,,,,,,85.53791667,,,,,FOM,,,
1,M01R05,Ripária,75,C,L859_75_C,1455,,,,,,,,,,,,,,,,,,,,,,,,,,,,,,,,,,,68.71614583,,,,,FOM,,,
1,M01R05,Ripária,125,C,L859_125_C,1455,,,,,,,,,,,,,,,,,,,,,,,,,,,,,,,,,,,57.8071875,,,,,FOM,,,
1,M01R05,Ripária,175,C,L859_175_C,1455,,,,,,,,,,,,,,,,,,,,,,,,,,,,,,,,,,,49.484375,,,,,FOM,,,
1,M01R05,Ripária,225,C,L859_225_C,1455,,,,,,,,,,,,,,,,,,,,,,,,,,,,,,,,,,,43.91802083,,,,,FOM,,,
2,M02T01,Terrestre,25,J,TW500_25_J,,,,,,,,,,,,,,,,,,,,,,,,,,,,,,,,,,,,,,,,,FOM,,,
2,M02T01,Terrestre,75,J,TW500_75_J,,,,,,,,,,,,,,,,,,,,,,,,,,,,,,,,,,,,,,,,,FOM,,,
2,M02T01,Terrestre,125,J,TW500_125_J,,,,,,,,,,,,,,,,,,,,,,,,,,,,,,,,,,,,,,,,,FOM,,,
2,M02T01,Terrestre,175,J,TW500_175_J,,,,,,,,,,,,,,,,,,,,,,,,,,,,,,,,,,,,,,,,,FOM,,,
2,M02T01,Terrestre,225,J,TW500_225_J,,,,,,,,,,,,,,,,,,,,,,,,,,,,,,,,,,,,,,,,,FOM,,,
2,M02T01,Terrestre,25,M,TW500_25_M,,,,,,,,,,,,,,,,,,,,,,,,,,,,,,,,,,,,,,,,,FOM,,,
2,M02T01,Terrestre,75,M,TW500_75_M,,,,,,,,,,,,,,,,,,,,,,,,,,,,,,,,,,,,,,,,,FOM,,,
2,M02T01,Terrestre,125,M,TW500_125_M,,,,,,,,,,,,,,,,,,,,,,,,,,,,,,,,,,,,,,,,,FOM,,,
2,M02T01,Terrestre,175,M,TW500_175_M,,,,,,,,,,,,,,,,,,,,,,,,,,,,,,,,,,,,,,,,,FOM,,,
2,M02T01,Terrestre,225,M,TW500_225_M,,,,,,,,,,,,,,,,,,,,,,,,,,,,,,,,,,,,,,,,,FOM,,,
2,M02T02,Terrestre,25,J,TW1500_25_J,1604,19,8,12,5,100,40,21,20,40,2,35,10,0,0,0,0,0,3,3,5,0,95,62,85,100,4,5,5,5,0,0,0,0,6,16.28854167,,,,,FOM,,,
2,M02T02,Terrestre,75,J,TW1500_75_J,1604,23,24,17,15,70,23,29,19,8,0,0,0,20,2,0,0,0,0,0,5,5,98,100,95,75,5,8,8,4,0,0,0,0,10,17.84625,,,,,FOM,,,
2,M02T02,Terrestre,125,J,TW1500_125_J,1604,5,5,8,8,70,33,5,10,2,2,10,0,60,0,0,5,0,6,20,15,10,92,70,80,30,4,4,4,4,0,0,0,0,8.5,24.3940625,,,,,FOM,,,
2,M02T02,Terrestre,175,J,TW1500_175_J,1604,30,25,16,26,80,0,20,10,6,80,0,0,5,0,0,0,0,5,20,20,8,15,80,80,87,9,6,4,5,0,0,0,0,9,10.36104167,,,,,FOM,,,
2,M02T02,Terrestre,225,J,TW1500_225_J,1604,0,0,2,2,70,15,15,10,20,0,0,0,0,0,0,0,0,0,0,0,0,100,100,100,100,5,5,4,5,0,0,0,0,11,17.62479167,,,,,FOM,,,
2,M02T02,Terrestre,25,M,TW1500_25_M,1604,0,5,0,0,130,22,20,5,0,0,0,10,10,0,0,0,0,70,35,10,0,30,65,80,90,6,6,6,0,0,0,0,0,3.5,21.8253125,50,,,,FOM,,,
2,M02T02,Terrestre,75,M,TW1500_75_M,1604,14,13,9,13,75,14,21,15,22,5,10,4,0,2,0,0,5,3,10,5,8,90,80,91,87,3,5,3,5,0,0,0,0,6.5,16.96541667,,,,,FOM,,,
2,M02T02,Terrestre,125,M,TW1500_125_M,1604,8,9,2,1,60,5,25,10,20,30,0,3,5,0,0,0,0,0,0,1,5,70,100,96,90,5,6,4,5,0,0,0,0,5,11.27625,,,,,FOM,,,
2,M02T02,Terrestre,175,M,TW1500_175_M,1604,6,5,7,5,85,51,51,51,51,0,0,0,0,0,0,0,0,90,95,60,85,10,5,40,15,1,4,3,4,0,0,0,0,7,12.89583333,,,,,FOM,,,
2,M02T02,Terrestre,225,M,TW1500_225_M,1604,6,8,8,4,55,51,51,51,51,0,0,0,0,0,0,0,0,100,100,100,100,0,0,0,0,0,0,0,0,0,0,0,0,3.5,61.51270833,,,,,FOM,,,
2,M02T03,Terrestre,25,J,TW2500_25_J,,,,,,,,,,,,,,,,,,,,,,,,,,,,,,,,,,,,,,,,,FOM,,,
2,M02T03,Terrestre,75,J,TW2500_75_J,,,,,,,,,,,,,,,,,,,,,,,,,,,,,,,,,,,,,,,,,FOM,,,
2,M02T03,Terrestre,125,J,TW2500_125_J,,,,,,,,,,,,,,,,,,,,,,,,,,,,,,,,,,,,,,,,,FOM,,,
2,M02T03,Terrestre,175,J,TW2500_175_J,,,,,,,,,,,,,,,,,,,,,,,,,,,,,,,,,,,,,,,,,FOM,,,
2,M02T03,Terrestre,225,J,TW2500_225_J,,,,,,,,,,,,,,,,,,,,,,,,,,,,,,,,,,,,,,,,,FOM,,,
2,M02T03,Terrestre,25,M,TW2500_25_M,,,,,,,,,,,,,,,,,,,,,,,,,,,,,,,,,,,,,,,,,FOM,,,
2,M02T03,Terrestre,75,M,TW2500_75_M,,,,,,,,,,,,,,,,,,,,,,,,,,,,,,,,,,,,,,,,,FOM,,,
2,M02T03,Terrestre,125,M,TW2500_125_M,,,,,,,,,,,,,,,,,,,,,,,,,,,,,,,,,,,,,,,,,FOM,,,
2,M02T03,Terrestre,175,M,TW2500_175_M,,,,,,,,,,,,,,,,,,,,,,,,,,,,,,,,,,,,,,,,,FOM,,,
2,M02T03,Terrestre,225,M,TW2500_225_M,,,,,,,,,,,,,,,,,,,,,,,,,,,,,,,,,,,,,,,,,FOM,,,
2,M02T04,Terrestre,25,J,TW3500_25_J,1584,23,34,15,25,150,14,25,15,18,0,0,0,0,0,0,0,0,0,0,8,2,100,100,92,98,5,4,1,1.5,,,,,7,19.30958333,,,Drymis,,FOM,,,
2,M02T04,Terrestre,75,J,TW3500_75_J,1584,23,24,30,31,130,11,20,20,20,0,0,0,0,0,0,0,0,100,100,100,100,0,0,0,0,0,0,0,0,,,,,7,25.7353125,,,Drymis,,FOM,,,
2,M02T04,Terrestre,125,J,TW3500_125_J,1584,46,40,34,28,94,11,51,20,29,60,0,0,0,0,0,0,0,0,0,0,0,40,100,100,100,8,4,4,4,,,,,7,6.435625,,,Carazal,,FOM,,,
2,M02T04,Terrestre,175,J,TW3500_175_J,1584,11,13,6,7,120,15,26,25,5,0,0,0,0,0,0,0,0,5,2,0,2,95,98,100,98,6,9,5,3,,,,,5.5,14.2059375,,,Drymis,,FOM,,,
2,M02T04,Terrestre,225,J,TW3500_225_J,1584,11,6,17,2,97,51,51,30,51,0,0,0,0,0,0,0,0,0,0,0,0,100,100,100,100,6,8,5,5,,,,,5,66.2646875,,,Carazal,,FOM,,,
2,M02T04,Terrestre,25,M,TW3500_25_M,1584,19,21,25,17,145,14,25,22,36,0,0,0,0,0,0,0,0,0,0,5,0,100,100,95,100,9,7,5,7.5,,,,,6,24.640625,,,Drymis,,FOM,,,
2,M02T04,Terrestre,75,M,TW3500_75_M,1584,18,6,13,13,140,51,51,36,51,0,0,0,0,0,0,0,0,5,0,1,1,95,100,99,99,8.5,6,7,7,,,,,3,18.24458333,,,Carazal,,FOM,,,
2,M02T04,Terrestre,125,M,TW3500_125_M,1584,37,45,27,20,15,20,20,27,20,0,0,0,0,0,0,0,0,0,0,0,0,100,100,100,100,15,12.5,17,18,,,,,3,37.3221875,,,Carazal,,FOM,,,
2,M02T04,Terrestre,175,M,TW3500_175_M,1584,9,11,6,1,150,29,16,13,30,0,0,0,0,0,0,0,0,65,50,45,60,35,50,55,40,4,0.5,1,2,,,,,7,19.3446875,,,Drymis,,FOM,,,
2,M02T04,Terrestre,225,M,TW3500_225_M,1584,12,5,8,8,75,26,13,40,16,5,5,10,0,0,0,3,0,5,8,6,3,90,87,81,97,8,4,1,1,,,,,8,21.55302083,,,Drymis,,FOM,,,
2,M02T05,Terrestre,25,J,TW4500_25_J,1583,14,10,16,21,25,32,19,21,7,0,0,0,0,0,0,0,0,8,5,0,6,92,95,100,94,2,1.5,1,2.5,,,,,12,15.58083333,,,Drymis,,FOM,,,
2,M02T05,Terrestre,75,J,TW4500_75_J,1583,17,16,17,16,360,0,0,0,0,100,100,100,100,0,0,0,0,0,0,0,0,0,0,0,0,0,0,0,0,,,,,11,7.214895833,100,,Xaxim,,FOM,,,
2,M02T05,Terrestre,125,J,TW4500_125_J,1583,8,33,18,13,30,22,15,14,19,0,5,0,5,0,0,0,0,0,2,3,0,100,93,97,95,4.5,6,2.5,4,,,,,9,9.533333333,,,Xaxim,,FOM,,,
2,M02T05,Terrestre,175,J,TW4500_175_J,1583,12,7,10,18,20,21,51,24,35,0,0,0,0,0,0,0,0,0,0,0,5,100,100,100,95,2,3,2,3,12,0,10,50,15,21.01041667,,,Araucaria,,FOM,,,
2,M02T05,Terrestre,225,J,TW4500_225_J,1583,21,24,32,22,20,12,21,30,10,0,10,0,0,0,0,0,2,2,1,5,1,98,89,95,97,4.5,4.6,4,3.5,,,,,14,18.885,,,Drymis,,FOM,,,
2,M02T05,Terrestre,25,M,TW4500_25_M,1583,12,4,13,12,25,51,51,24,32,0,0,0,0,0,0,0,0,20,5,10,5,80,95,90,95,6,7,2,4,,,,,10,12.9253125,,,Carazal,,FOM,,,
2,M02T05,Terrestre,75,M,TW4500_75_M,1583,7,14,4,4,345,51,51,51,51,0,0,0,0,0,0,0,0,5,2,4,1,95,98,96,99,3,7,7,3,40,25,10,20,15,20.53833333,,,Araucaria,,FOM,,,
2,M02T05,Terrestre,125,M,TW4500_125_M,1583,2,5,12,22,45,51,19,51,51,0,0,0,0,0,0,0,0,3,5,5,5,97,95,95,95,2,3,2,4,,,,,11,20.68802083,,,Drymis,,FOM,,,
2,M02T05,Terrestre,175,M,TW4500_175_M,1583,26,26,15,27,15,30.5,11,12,0,0,0,0,100,0,0,0,0,5,5,2,0,95,95,98,0,5,3,5.5,0,,,,,13,17.5175,,,Myrceugenia miersiana,,FOM,,,
2,M02T05,Terrestre,225,M,TW4500_225_M,1583,17,23,17,15,35,18,22,30,21,0,0,0,0,0,0,0,0,2,10,0,1,98,90,100,99,1,1.5,1.5,1.5,,,,,13,46.94125,,,Xaxim,,FOM,,,
2,M02T06,Terrestre,25,J,TL400_25_J,1407,15,18,18,15,85,2,20,31,38,10,0,10,10,0,0,0,0,60,30,70,80,30,70,20,10,2,6,1,1,,,,,9,11.24979167,,1,Xaxim,,FOM,,,
2,M02T06,Terrestre,75,J,TL400_75_J,1407,4,14,8,10,80,51,8,51,17,0,0,0,0,2,2,0,6,20,8,30,25,78,90,70,69,1,0.5,0.5,0.5,3,3,15,20,11,21.419375,,,,,FOM,,,
2,M02T06,Terrestre,125,J,TL400_125_J,1407,32,23,23,38,345,51,51,51,6,0,80,0,10,25,5,80,20,15,15,15,15,60,0,5,55,0.5,0.5,0.2,0.5,,,,,12,21.57895833,,,,,FOM,,,
2,M02T06,Terrestre,175,J,TL400_175_J,1407,28,22,18,17,330,51,51,22,51,0,10,5,10,2,0,0,0,95,85,95,90,3,5,0,0,0,0,0,0,3,10,8,15,17,27.47114583,,,,,FOM,,,
2,M02T06,Terrestre,225,J,TL400_225_J,1407,28,33,40,46,350,26,23,8,51,0,25,25,0,45,5,30,25,50,10,5,50,5,60,40,25,0.2,1,0.5,0.2,,,,,12,20.21229167,,,,,FOM,,,
2,M02T06,Terrestre,25,M,TL400_25_M,1407,36,37,40,32,90,1,0,0,0,0,0,0,0,0,0,0,0,0,0,0,10,100,100,100,90,5,6,6,9,,,,,10,67.87572917,,1,Taquaral,,FOM,,,
2,M02T06,Terrestre,75,M,TL400_75_M,1407,37,15,15,37,79,51,35,10,2,0,0,0,0,15,30,50,15,50,10,50,50,35,60,0,35,1,0,2,0.5,,,,,11,31.27489583,,1,,,FOM,,,
2,M02T06,Terrestre,125,M,TL400_125_M,1407,40,27,37,26,10,8,51,51,51,0,0,0,0,25,40,60,20,30,20,15,80,45,40,25,0,0.2,0.2,0.2,0.5,0,0,5,0,11,18.28739583,,,,,FOM,,,
2,M02T06,Terrestre,175,M,TL400_175_M,1407,29,39,27,26,330,51,51,51,8,0,5,0,0,0,0,0,0,80,80,80,70,20,15,20,30,1,0.5,0.5,1,5,0,0,0,14,15.95479167,,,,,FOM,,,
2,M02T06,Terrestre,225,M,TL400_225_M,1407,11,8,12,14,5,6,17,16,15,0,0,0,0,5,5,0,3,90,90,90,90,5,5,10,7,0.5,0.5,1,2,,,,,14,20.13354167,,,,,FOM,,,
2,M02T07,Terrestre,25,J,TL1500_25_J,,,,,,,,,,,,,,,,,,,,,,,,,,,,,,,,,,,,,,,,,FOM,,,
2,M02T07,Terrestre,75,J,TL1500_75_J,,,,,,,,,,,,,,,,,,,,,,,,,,,,,,,,,,,,,,,,,FOM,,,
2,M02T07,Terrestre,125,J,TL1500_125_J,,,,,,,,,,,,,,,,,,,,,,,,,,,,,,,,,,,,,,,,,FOM,,,
2,M02T07,Terrestre,175,J,TL1500_175_J,,,,,,,,,,,,,,,,,,,,,,,,,,,,,,,,,,,,,,,,,FOM,,,
2,M02T07,Terrestre,225,J,TL1500_225_J,,,,,,,,,,,,,,,,,,,,,,,,,,,,,,,,,,,,,,,,,FOM,,,
2,M02T07,Terrestre,25,M,TL1500_25_M,,,,,,,,,,,,,,,,,,,,,,,,,,,,,,,,,,,,,,,,,FOM,,,
2,M02T07,Terrestre,75,M,TL1500_75_M,,,,,,,,,,,,,,,,,,,,,,,,,,,,,,,,,,,,,,,,,FOM,,,
2,M02T07,Terrestre,125,M,TL1500_125_M,,,,,,,,,,,,,,,,,,,,,,,,,,,,,,,,,,,,,,,,,FOM,,,
2,M02T07,Terrestre,175,M,TL1500_175_M,,,,,,,,,,,,,,,,,,,,,,,,,,,,,,,,,,,,,,,,,FOM,,,
2,M02T07,Terrestre,225,M,TL1500_225_M,,,,,,,,,,,,,,,,,,,,,,,,,,,,,,,,,,,,,,,,,FOM,,,
2,M02T08,Terrestre,25,J,TL2500_25_J,,,,,,,,,,,,,,,,,,,,,,,,,,,,,,,,,,,,,,,,,FOM,,,
2,M02T08,Terrestre,75,J,TL2500_75_J,,,,,,,,,,,,,,,,,,,,,,,,,,,,,,,,,,,,,,,,,FOM,,,
2,M02T08,Terrestre,125,J,TL2500_125_J,,,,,,,,,,,,,,,,,,,,,,,,,,,,,,,,,,,,,,,,,FOM,,,
2,M02T08,Terrestre,175,J,TL2500_175_J,,,,,,,,,,,,,,,,,,,,,,,,,,,,,,,,,,,,,,,,,FOM,,,
2,M02T08,Terrestre,225,J,TL2500_225_J,,,,,,,,,,,,,,,,,,,,,,,,,,,,,,,,,,,,,,,,,FOM,,,
2,M02T08,Terrestre,25,M,TL2500_25_M,,,,,,,,,,,,,,,,,,,,,,,,,,,,,,,,,,,,,,,,,FOM,,,
2,M02T08,Terrestre,75,M,TL2500_75_M,,,,,,,,,,,,,,,,,,,,,,,,,,,,,,,,,,,,,,,,,FOM,,,
2,M02T08,Terrestre,125,M,TL2500_125_M,,,,,,,,,,,,,,,,,,,,,,,,,,,,,,,,,,,,,,,,,FOM,,,
2,M02T08,Terrestre,175,M,TL2500_175_M,,,,,,,,,,,,,,,,,,,,,,,,,,,,,,,,,,,,,,,,,FOM,,,
2,M02T08,Terrestre,225,M,TL2500_225_M,,,,,,,,,,,,,,,,,,,,,,,,,,,,,,,,,,,,,,,,,FOM,,,
2,M02T09,Terrestre,25,J,TL3500_25_J,,,,,,,,,,,,,,,,,,,,,,,,,,,,,,,,,,,,,,,,,FOM,,,
2,M02T09,Terrestre,75,J,TL3500_75_J,,,,,,,,,,,,,,,,,,,,,,,,,,,,,,,,,,,,,,,,,FOM,,,
2,M02T09,Terrestre,125,J,TL3500_125_J,,,,,,,,,,,,,,,,,,,,,,,,,,,,,,,,,,,,,,,,,FOM,,,
2,M02T09,Terrestre,175,J,TL3500_175_J,,,,,,,,,,,,,,,,,,,,,,,,,,,,,,,,,,,,,,,,,FOM,,,
2,M02T09,Terrestre,225,J,TL3500_225_J,,,,,,,,,,,,,,,,,,,,,,,,,,,,,,,,,,,,,,,,,FOM,,,
2,M02T09,Terrestre,25,M,TL3500_25_M,,,,,,,,,,,,,,,,,,,,,,,,,,,,,,,,,,,,,,,,,FOM,,,
2,M02T09,Terrestre,75,M,TL3500_75_M,,,,,,,,,,,,,,,,,,,,,,,,,,,,,,,,,,,,,,,,,FOM,,,
2,M02T09,Terrestre,125,M,TL3500_125_M,,,,,,,,,,,,,,,,,,,,,,,,,,,,,,,,,,,,,,,,,FOM,,,
2,M02T09,Terrestre,175,M,TL3500_175_M,,,,,,,,,,,,,,,,,,,,,,,,,,,,,,,,,,,,,,,,,FOM,,,
2,M02T09,Terrestre,225,M,TL3500_225_M,,,,,,,,,,,,,,,,,,,,,,,,,,,,,,,,,,,,,,,,,FOM,,,
2,M02T10,Terrestre,25,J,TL4500_25_J,,,,,,,,,,,,,,,,,,,,,,,,,,,,,,,,,,,,,,,,,FOM,,,
2,M02T10,Terrestre,75,J,TL4500_75_J,,,,,,,,,,,,,,,,,,,,,,,,,,,,,,,,,,,,,,,,,FOM,,,
2,M02T10,Terrestre,125,J,TL4500_125_J,,,,,,,,,,,,,,,,,,,,,,,,,,,,,,,,,,,,,,,,,FOM,,,
2,M02T10,Terrestre,175,J,TL4500_175_J,,,,,,,,,,,,,,,,,,,,,,,,,,,,,,,,,,,,,,,,,FOM,,,
2,M02T10,Terrestre,225,J,TL4500_225_J,,,,,,,,,,,,,,,,,,,,,,,,,,,,,,,,,,,,,,,,,FOM,,,
2,M02T10,Terrestre,25,M,TL4500_25_M,,,,,,,,,,,,,,,,,,,,,,,,,,,,,,,,,,,,,,,,,FOM,,,
2,M02T10,Terrestre,75,M,TL4500_75_M,,,,,,,,,,,,,,,,,,,,,,,,,,,,,,,,,,,,,,,,,FOM,,,
2,M02T10,Terrestre,125,M,TL4500_125_M,,,,,,,,,,,,,,,,,,,,,,,,,,,,,,,,,,,,,,,,,FOM,,,
2,M02T10,Terrestre,175,M,TL4500_175_M,,,,,,,,,,,,,,,,,,,,,,,,,,,,,,,,,,,,,,,,,FOM,,,
2,M02T10,Terrestre,225,M,TL4500_225_M,,,,,,,,,,,,,,,,,,,,,,,,,,,,,,,,,,,,,,,,,FOM,,,
2,M02R01,Ripária,25,J,_25_J,1561,,,,,,,,,,,,,,,,,,,,,,,,,,,,,,,,,,,,,,,,,,,
2,M02R01,Ripária,75,J,_75_J,1561,,,,,,,,,,,,,,,,,,,,,,,,,,,,,,,,,,,,,,,,,,,
2,M02R01,Ripária,125,J,_125_J,1561,,,,,,,,,,,,,,,,,,,,,,,,,,,,,,,,,,,,,,,,,,,
2,M02R01,Ripária,175,J,_175_J,1561,,,,,,,,,,,,,,,,,,,,,,,,,,,,,,,,,,,,,,,,,,,
2,M02R01,Ripária,225,J,_225_J,1561,,,,,,,,,,,,,,,,,,,,,,,,,,,,,,,,,,,,,,,,,,,
2,M02R01,Ripária,25,M,_25_M,1561,,,,,,,,,,,,,,,,,,,,,,,,,,,,,,,,,,,,,,,,,,,
2,M02R01,Ripária,75,M,_75_M,1561,,,,,,,,,,,,,,,,,,,,,,,,,,,,,,,,,,,,,,,,,,,
2,M02R01,Ripária,125,M,_125_M,1561,,,,,,,,,,,,,,,,,,,,,,,,,,,,,,,,,,,,,,,,,,,
2,M02R01,Ripária,175,M,_175_M,1561,,,,,,,,,,,,,,,,,,,,,,,,,,,,,,,,,,,,,,,,,,,
2,M02R01,Ripária,225,M,_225_M,1561,,,,,,,,,,,,,,,,,,,,,,,,,,,,,,,,,,,,,,,,,,,
2,M02R01,Ripária,25,C,_25_C,1561,,,,,,,,,,,,,,,,,,,,,,,,,,,,,,,,,,,,,,,,,,,
2,M02R01,Ripária,75,C,_75_C,1561,,,,,,,,,,,,,,,,,,,,,,,,,,,,,,,,,,,,,,,,,,,
2,M02R01,Ripária,125,C,_125_C,1561,,,,,,,,,,,,,,,,,,,,,,,,,,,,,,,,,,,,,,,,,,,
2,M02R01,Ripária,175,C,_175_C,1561,,,,,,,,,,,,,,,,,,,,,,,,,,,,,,,,,,,,,,,,,,,
2,M02R01,Ripária,225,C,_225_C,1561,,,,,,,,,,,,,,,,,,,,,,,,,,,,,,,,,,,,,,,,,,,
2,,Ripária,25,J,_25_J,,,,,,,,,,,,,,,,,,,,,,,,,,,,,,,,,,,,,,,,,,,,
2,,Ripária,75,J,_75_J,,,,,,,,,,,,,,,,,,,,,,,,,,,,,,,,,,,,,,,,,,,,
2,,Ripária,125,J,_125_J,,,,,,,,,,,,,,,,,,,,,,,,,,,,,,,,,,,,,,,,,,,,
2,,Ripária,175,J,_175_J,,,,,,,,,,,,,,,,,,,,,,,,,,,,,,,,,,,,,,,,,,,,
2,,Ripária,225,J,_225_J,,,,,,,,,,,,,,,,,,,,,,,,,,,,,,,,,,,,,,,,,,,,
2,,Ripária,25,M,_25_M,,,,,,,,,,,,,,,,,,,,,,,,,,,,,,,,,,,,,,,,,,,,
2,,Ripária,75,M,_75_M,,,,,,,,,,,,,,,,,,,,,,,,,,,,,,,,,,,,,,,,,,,,
2,,Ripária,125,M,_125_M,,,,,,,,,,,,,,,,,,,,,,,,,,,,,,,,,,,,,,,,,,,,
2,,Ripária,175,M,_175_M,,,,,,,,,,,,,,,,,,,,,,,,,,,,,,,,,,,,,,,,,,,,
2,,Ripária,225,M,_225_M,,,,,,,,,,,,,,,,,,,,,,,,,,,,,,,,,,,,,,,,,,,,
2,,Ripária,25,J,_25_J,,,,,,,,,,,,,,,,,,,,,,,,,,,,,,,,,,,,,,,,,,,,
2,,Ripária,75,J,_75_J,,,,,,,,,,,,,,,,,,,,,,,,,,,,,,,,,,,,,,,,,,,,
2,,Ripária,125,J,_125_J,,,,,,,,,,,,,,,,,,,,,,,,,,,,,,,,,,,,,,,,,,,,
2,,Ripária,175,J,_175_J,,,,,,,,,,,,,,,,,,,,,,,,,,,,,,,,,,,,,,,,,,,,
2,,Ripária,225,J,_225_J,,,,,,,,,,,,,,,,,,,,,,,,,,,,,,,,,,,,,,,,,,,,
2,,Ripária,25,M,_25_M,,,,,,,,,,,,,,,,,,,,,,,,,,,,,,,,,,,,,,,,,,,,
2,,Ripária,75,M,_75_M,,,,,,,,,,,,,,,,,,,,,,,,,,,,,,,,,,,,,,,,,,,,
2,,Ripária,125,M,_125_M,,,,,,,,,,,,,,,,,,,,,,,,,,,,,,,,,,,,,,,,,,,,
2,,Ripária,175,M,_175_M,,,,,,,,,,,,,,,,,,,,,,,,,,,,,,,,,,,,,,,,,,,,
2,,Ripária,225,M,_225_M,,,,,,,,,,,,,,,,,,,,,,,,,,,,,,,,,,,,,,,,,,,,
2,,Ripária,25,J,_25_J,,,,,,,,,,,,,,,,,,,,,,,,,,,,,,,,,,,,,,,,,,,,
2,,Ripária,75,J,_75_J,,,,,,,,,,,,,,,,,,,,,,,,,,,,,,,,,,,,,,,,,,,,
2,,Ripária,125,J,_125_J,,,,,,,,,,,,,,,,,,,,,,,,,,,,,,,,,,,,,,,,,,,,
2,,Ripária,175,J,_175_J,,,,,,,,,,,,,,,,,,,,,,,,,,,,,,,,,,,,,,,,,,,,
2,,Ripária,225,J,_225_J,,,,,,,,,,,,,,,,,,,,,,,,,,,,,,,,,,,,,,,,,,,,
2,,Ripária,25,M,_25_M,,,,,,,,,,,,,,,,,,,,,,,,,,,,,,,,,,,,,,,,,,,,
2,,Ripária,75,M,_75_M,,,,,,,,,,,,,,,,,,,,,,,,,,,,,,,,,,,,,,,,,,,,
2,,Ripária,125,M,_125_M,,,,,,,,,,,,,,,,,,,,,,,,,,,,,,,,,,,,,,,,,,,,
2,,Ripária,175,M,_175_M,,,,,,,,,,,,,,,,,,,,,,,,,,,,,,,,,,,,,,,,,,,,
2,,Ripária,225,M,_225_M,,,,,,,,,,,,,,,,,,,,,,,,,,,,,,,,,,,,,,,,,,,,
2,,Ripária,25,J,_25_J,,,,,,,,,,,,,,,,,,,,,,,,,,,,,,,,,,,,,,,,,,,,
2,,Ripária,75,J,_75_J,,,,,,,,,,,,,,,,,,,,,,,,,,,,,,,,,,,,,,,,,,,,
2,,Ripária,125,J,_125_J,,,,,,,,,,,,,,,,,,,,,,,,,,,,,,,,,,,,,,,,,,,,
2,,Ripária,175,J,_175_J,,,,,,,,,,,,,,,,,,,,,,,,,,,,,,,,,,,,,,,,,,,,
2,,Ripária,225,J,_225_J,,,,,,,,,,,,,,,,,,,,,,,,,,,,,,,,,,,,,,,,,,,,
2,,Ripária,25,M,_25_M,,,,,,,,,,,,,,,,,,,,,,,,,,,,,,,,,,,,,,,,,,,,
2,,Ripária,75,M,_75_M,,,,,,,,,,,,,,,,,,,,,,,,,,,,,,,,,,,,,,,,,,,,
2,,Ripária,125,M,_125_M,,,,,,,,,,,,,,,,,,,,,,,,,,,,,,,,,,,,,,,,,,,,
2,,Ripária,175,M,_175_M,,,,,,,,,,,,,,,,,,,,,,,,,,,,,,,,,,,,,,,,,,,,
2,,Ripária,225,M,_225_M,,,,,,,,,,,,,,,,,,,,,,,,,,,,,,,,,,,,,,,,,,,,
3,M03T01,Terrestre,25,J,T01_25_J,500,32,47,49,55,115,51,51,51,51,0,0,0,0,8,40,25,50,5,1,0,8,87,59,75,42,2,2,1,0,,,,,9,16.42395833,,,,,FOD,,,
3,M03T01,Terrestre,75,J,T01_75_J,500,10,24,10,14,190,51,51,51,51,0,0,0,0,0,0,0,50,0,5,10,0,100,95,90,50,5,5,6.5,1,,,,,12,16.0496875,,,,,FOD,,,
3,M03T01,Terrestre,125,J,T01_125_J,500,14,17,17,16,200,51,51,51,51,0,0,0,0,2,15,20,10,5,5,0,5,93,80,80,85,2,1,0.5,5,,,,,12,9.3978125,,,,,FOD,,,
3,M03T01,Terrestre,175,J,T01_175_J,500,2,0,1,1,350,51,51,51,51,0,0,0,0,10,0,5,1,2,1,5,7,88,99,90,92,3,6,2,4,,,,,11,15.2696875,,,,,FOD,,,
3,M03T01,Terrestre,225,J,T01_225_J,500,27,33,35,26,350,51,51,51,51,0,0,0,0,10,2,80,80,5,15,5,1,85,83,15,19,0.5,1,0,0.5,,,,,20,25.71697917,,,,,FOD,,,
3,M03T01,Terrestre,25,M,T01_25_M,500,26,19,16,18,140,51,51,51,51,0,0,0,0,10,0,0,2,0,0,0,0,90,100,100,98,2,6,2,2,,,,,12,11.76427083,,,,,FOD,,,
3,M03T01,Terrestre,75,M,T01_75_M,500,21,18,22,13,185,51,51,51,51,0,0,0,0,1,10,0,10,0,5,5,0,99,85,95,90,0.5,0.5,2,1,,,,,10,12.27416667,,,,,FOD,,,
3,M03T01,Terrestre,125,M,T01_125_M,500,1,4,1,2,248,51,51,51,51,0,0,0,0,0,0,0,0,5,1,4,5,95,99,96,95,4,3,6,6,,,,,18,17.6725,,,,,FOD,,,
3,M03T01,Terrestre,175,M,T01_175_M,500,0,0,5,1,235,51,51,51,51,0,0,0,0,0,0,0,0,2,0.5,0,8,98,99.5,100,92,3.5,4.5,5,9.5,,,,,13,4.3909375,,,,,FOD,,,
3,M03T01,Terrestre,225,M,T01_225_M,500,6,3,9,12,161,51,51,51,51,0,0,0,0,0,0,0,0,5,8,2,2,95,92,98,98,2.5,11,8,8,,,,,18,11.05729167,,,,,FOD,,,
3,M03T02,Terrestre,25,J,T02_25_J,610,,,,,,,,,,,,,,,,,,,,,,,,,,,,,,,,,,,,,,,,FOD,,,
3,M03T02,Terrestre,75,J,T02_75_J,610,,,,,,,,,,,,,,,,,,,,,,,,,,,,,,,,,,,,,,,,FOD,,,
3,M03T02,Terrestre,125,J,T02_125_J,610,,,,,,,,,,,,,,,,,,,,,,,,,,,,,,,,,,,,,,,,FOD,,,
3,M03T02,Terrestre,175,J,T02_175_J,610,,,,,,,,,,,,,,,,,,,,,,,,,,,,,,,,,,,,,,,,FOD,,,
3,M03T02,Terrestre,225,J,T02_225_J,610,,,,,,,,,,,,,,,,,,,,,,,,,,,,,,,,,,,,,,,,FOD,,,
3,M03T02,Terrestre,25,M,T02_25_M,610,,,,,,,,,,,,,,,,,,,,,,,,,,,,,,,,,,,,,,,,FOD,,,
3,M03T02,Terrestre,75,M,T02_75_M,610,,,,,,,,,,,,,,,,,,,,,,,,,,,,,,,,,,,,,,,,FOD,,,
3,M03T02,Terrestre,125,M,T02_125_M,610,,,,,,,,,,,,,,,,,,,,,,,,,,,,,,,,,,,,,,,,FOD,,,
3,M03T02,Terrestre,175,M,T02_175_M,610,,,,,,,,,,,,,,,,,,,,,,,,,,,,,,,,,,,,,,,,FOD,,,
3,M03T02,Terrestre,225,M,T02_225_M,610,,,,,,,,,,,,,,,,,,,,,,,,,,,,,,,,,,,,,,,,FOD,,,
3,M03T03,Terrestre,25,J,T03_25_J,600,10,0,1,2,239,51,51,51,51,0,15,0,5,5,1,0,0,2,4,1,0,93,80,99,95,5.1,8,8.5,9,,,,,16,21.15979167,,,,,FOD,,,
3,M03T03,Terrestre,75,J,T03_75_J,600,4,0,6,1,175,51,51,51,51,0,0,0,0,1,0,0,0,1,5,2,8,98,95,98,92,5.5,3.2,7,6,,,,,16,26.81989583,,,,,FOD,,,
3,M03T03,Terrestre,125,J,T03_125_J,600,11,28,2,4,205,51,51,51,51,0,0,10,0,10,40,15,0,2,10,20,0,88,50,55,100,1,1,3,2,,,,,14,13.49458333,,,,,FOD,,,
3,M03T03,Terrestre,175,J,T03_175_J,600,6,2,11,2,185,51,51,51,51,0,0,0,0,5,5,5,0,1,0,0,2,94,95,95,98,7.5,1,5,7,,,,,16,9.728541667,,,,,FOD,,,
3,M03T03,Terrestre,225,J,T03_225_J,600,17,10,20,4,230,20,51,51,25,10,50,0,0,0,0,0,0,0,0,0,0,90,50,100,100,7,5,4.2,4.4,,,,,14,16.1709375,,,,,FOD,,,
3,M03T03,Terrestre,25,M,T03_25_M,600,2,6,6,1,89,51,51,51,51,0,0,0,0,1,1,0,0,1,3,10,5,98,96,90,95,3.5,2.3,5.1,6,,,,,18,25.71416667,,,,,FOD,,,
3,M03T03,Terrestre,75,M,T03_75_M,600,15,8,12,15,96,51,51,51,51,0,0,0,0,0,0,1,0,4,5,4,2,96,95,95,98,6,5.5,6,8,,,,,20,19.8471875,,,,,FOD,,,
3,M03T03,Terrestre,125,M,T03_125_M,600,2,4,2,6,140,51,51,51,51,0,0,0,0,0,0,1,0,0,0,5,0,100,100,94,100,7,9,5,6,,,,,16,18.1115625,,,,,FOD,,,
3,M03T03,Terrestre,175,M,T03_175_M,600,6,7,1,1,245,51,51,51,51,0,0,0,0,1,0,0,0,5,1,5,0,94,99,95,100,3,3,10,3,,,,,16,23.3303125,,,,,FOD,,,
3,M03T03,Terrestre,225,M,T03_225_M,600,1,0,2,2,270,51,51,51,51,0,0,0,0,0,0,0,0,5,5,5,1,95,95,95,99,1,1,4,3,,,,,15,39.15114583,,,,,FOD,,,
3,M03T04,Terrestre,25,J,T04_25_J,529,,,,,,,,,,,,,,,,,,,,,,,,,,,,,,,,,,,,,,,,FOD,,,
3,M03T04,Terrestre,75,J,T04_75_J,529,,,,,,,,,,,,,,,,,,,,,,,,,,,,,,,,,,,,,,,,FOD,,,
3,M03T04,Terrestre,125,J,T04_125_J,529,,,,,,,,,,,,,,,,,,,,,,,,,,,,,,,,,,,,,,,,FOD,,,
3,M03T04,Terrestre,175,J,T04_175_J,529,,,,,,,,,,,,,,,,,,,,,,,,,,,,,,,,,,,,,,,,FOD,,,
3,M03T04,Terrestre,225,J,T04_225_J,529,,,,,,,,,,,,,,,,,,,,,,,,,,,,,,,,,,,,,,,,FOD,,,
3,M03T04,Terrestre,25,M,T04_25_M,529,,,,,,,,,,,,,,,,,,,,,,,,,,,,,,,,,,,,,,,,FOD,,,
3,M03T04,Terrestre,75,M,T04_75_M,529,,,,,,,,,,,,,,,,,,,,,,,,,,,,,,,,,,,,,,,,FOD,,,
3,M03T04,Terrestre,125,M,T04_125_M,529,,,,,,,,,,,,,,,,,,,,,,,,,,,,,,,,,,,,,,,,FOD,,,
3,M03T04,Terrestre,175,M,T04_175_M,529,,,,,,,,,,,,,,,,,,,,,,,,,,,,,,,,,,,,,,,,FOD,,,
3,M03T04,Terrestre,225,M,T04_225_M,529,,,,,,,,,,,,,,,,,,,,,,,,,,,,,,,,,,,,,,,,FOD,,,
3,M03T05,Terrestre,25,J,T05_25_J,508,12,19,2,12,95,27,41,26,51,0,0,0,0,0,0,0,0,100,100,100,100,0,0,0,0,10,10.5,5,5.5,,,,,8.5,14.87770833,,,,,FOD,,,
3,M03T05,Terrestre,75,J,T05_75_J,508,7,14,10.1,9.8,69,51,51,51,51,0,0,0,0,0,0,0,0,15,60,40,30,85,40,60,70,NA,NA,NA,NA,,,,,9,37.2234375,,,,,FOD,,,
3,M03T05,Terrestre,125,J,T05_125_J,508,21,28,18,17,115,51,51,51,51,0,0,0,0,2,1,1,0,20,15,15,40,78,84,84,60,4,10,3,5.5,,,,,7.5,14.10770833,,,,,FOD,,,
3,M03T05,Terrestre,175,J,T05_175_J,508,24,7,17,15,165,51,51,25,35,0,0,0,0,1,2,1,0,2,2,5,2,97,96,94,98,2,3.5,4.5,6.4,,,,,10,4.933333333,,,,,FOD,,,
3,M03T05,Terrestre,225,J,T05_225_J,508,30,17,22,28,219,51,51,51,51,0,0,0,0,85,20,50,50,3,2,8,2,12,78,42,48,1,3,4,3,,,,,15,3.7496875,,,,,FOD,,,
3,M03T05,Terrestre,25,M,T05_25_M,508,23,29,17,19,40,51,51,51,51,0,0,0,0,0,0,0,0,5,15,25,10,95,85,75,90,5.5,6,4.5,4.5,,,,,8,16.5259375,,,,,FOD,,,
3,M03T05,Terrestre,75,M,T05_75_M,508,31,13,13,26,65,20,10,51,51,0,0,0,0,0,0,0,0,35,20,38,19,65,80,62,81,7,4,3,7.1,,,,,5.5,65.97864583,,,,,FOD,,,
3,M03T05,Terrestre,125,M,T05_125_M,508,29,24,19,10,110,51,51,51,51,0,0,0,0,0,0,0,15,85,90,60,35,15,10,40,50,1,1,4,4,,,,,8,34.65979167,,,,,FOD,,,
3,M03T05,Terrestre,175,M,T05_175_M,508,21,25,23,24,175,51,51,51,51,0,0,0,0,5,0,2,0,35,95,30,25,60,5,68,75,5.5,6,4.3,5,,,,,7.5,21.48197917,,,,,FOD,,,
3,M03T05,Terrestre,225,M,T05_225_M,508,38,35,24,17,210,51,51,51,51,0,0,0,0,0,0,0,0,10,20,8,5,90,80,92,95,5,6,7,9,,,,,9.5,15.03229167,,,,,FOD,,,
3,M03T06,Terrestre,25,J,T06_25_J,643,,,,,,,,,,,,,,,,,,,,,,,,,,,,,,,,,,,,,,,,FOD,,,
3,M03T06,Terrestre,75,J,T06_75_J,643,,,,,,,,,,,,,,,,,,,,,,,,,,,,,,,,,,,,,,,,FOD,,,
3,M03T06,Terrestre,125,J,T06_125_J,643,,,,,,,,,,,,,,,,,,,,,,,,,,,,,,,,,,,,,,,,FOD,,,
3,M03T06,Terrestre,175,J,T06_175_J,643,,,,,,,,,,,,,,,,,,,,,,,,,,,,,,,,,,,,,,,,FOD,,,
3,M03T06,Terrestre,225,J,T06_225_J,643,,,,,,,,,,,,,,,,,,,,,,,,,,,,,,,,,,,,,,,,FOD,,,
3,M03T06,Terrestre,25,M,T06_25_M,643,,,,,,,,,,,,,,,,,,,,,,,,,,,,,,,,,,,,,,,,FOD,,,
3,M03T06,Terrestre,75,M,T06_75_M,643,,,,,,,,,,,,,,,,,,,,,,,,,,,,,,,,,,,,,,,,FOD,,,
3,M03T06,Terrestre,125,M,T06_125_M,643,,,,,,,,,,,,,,,,,,,,,,,,,,,,,,,,,,,,,,,,FOD,,,
3,M03T06,Terrestre,175,M,T06_175_M,643,,,,,,,,,,,,,,,,,,,,,,,,,,,,,,,,,,,,,,,,FOD,,,
3,M03T06,Terrestre,225,M,T06_225_M,643,,,,,,,,,,,,,,,,,,,,,,,,,,,,,,,,,,,,,,,,FOD,,,
3,M03T07,Terrestre,25,J,T07_25_J,752,,,,,,,,,,,,,,,,,,,,,,,,,,,,,,,,,,,,,,,,FOD,,,
3,M03T07,Terrestre,75,J,T07_75_J,752,,,,,,,,,,,,,,,,,,,,,,,,,,,,,,,,,,,,,,,,FOD,,,
3,M03T07,Terrestre,125,J,T07_125_J,752,,,,,,,,,,,,,,,,,,,,,,,,,,,,,,,,,,,,,,,,FOD,,,
3,M03T07,Terrestre,175,J,T07_175_J,752,,,,,,,,,,,,,,,,,,,,,,,,,,,,,,,,,,,,,,,,FOD,,,
3,M03T07,Terrestre,225,J,T07_225_J,752,,,,,,,,,,,,,,,,,,,,,,,,,,,,,,,,,,,,,,,,FOD,,,
3,M03T07,Terrestre,25,M,T07_25_M,752,,,,,,,,,,,,,,,,,,,,,,,,,,,,,,,,,,,,,,,,FOD,,,
3,M03T07,Terrestre,75,M,T07_75_M,752,,,,,,,,,,,,,,,,,,,,,,,,,,,,,,,,,,,,,,,,FOD,,,
3,M03T07,Terrestre,125,M,T07_125_M,752,,,,,,,,,,,,,,,,,,,,,,,,,,,,,,,,,,,,,,,,FOD,,,
3,M03T07,Terrestre,175,M,T07_175_M,752,,,,,,,,,,,,,,,,,,,,,,,,,,,,,,,,,,,,,,,,FOD,,,
3,M03T07,Terrestre,225,M,T07_225_M,752,,,,,,,,,,,,,,,,,,,,,,,,,,,,,,,,,,,,,,,,FOD,,,
3,M03T08,Terrestre,25,J,T08_25_J,535,,,,,,,,,,,,,,,,,,,,,,,,,,,,,,,,,,,,,,,,FOD,,,
3,M03T08,Terrestre,75,J,T08_75_J,535,,,,,,,,,,,,,,,,,,,,,,,,,,,,,,,,,,,,,,,,FOD,,,
3,M03T08,Terrestre,125,J,T08_125_J,535,,,,,,,,,,,,,,,,,,,,,,,,,,,,,,,,,,,,,,,,FOD,,,
3,M03T08,Terrestre,175,J,T08_175_J,535,,,,,,,,,,,,,,,,,,,,,,,,,,,,,,,,,,,,,,,,FOD,,,
3,M03T08,Terrestre,225,J,T08_225_J,535,,,,,,,,,,,,,,,,,,,,,,,,,,,,,,,,,,,,,,,,FOD,,,
3,M03T08,Terrestre,25,M,T08_25_M,535,,,,,,,,,,,,,,,,,,,,,,,,,,,,,,,,,,,,,,,,FOD,,,
3,M03T08,Terrestre,75,M,T08_75_M,535,,,,,,,,,,,,,,,,,,,,,,,,,,,,,,,,,,,,,,,,FOD,,,
3,M03T08,Terrestre,125,M,T08_125_M,535,,,,,,,,,,,,,,,,,,,,,,,,,,,,,,,,,,,,,,,,FOD,,,
3,M03T08,Terrestre,175,M,T08_175_M,535,,,,,,,,,,,,,,,,,,,,,,,,,,,,,,,,,,,,,,,,FOD,,,
3,M03T08,Terrestre,225,M,T08_225_M,535,,,,,,,,,,,,,,,,,,,,,,,,,,,,,,,,,,,,,,,,FOD,,,
3,M03T09,Terrestre,25,J,T09_25_J,666,,,,,,,,,,,,,,,,,,,,,,,,,,,,,,,,,,,,,,,,FOD,,,
3,M03T09,Terrestre,75,J,T09_75_J,666,,,,,,,,,,,,,,,,,,,,,,,,,,,,,,,,,,,,,,,,FOD,,,
3,M03T09,Terrestre,125,J,T09_125_J,666,,,,,,,,,,,,,,,,,,,,,,,,,,,,,,,,,,,,,,,,FOD,,,
3,M03T09,Terrestre,175,J,T09_175_J,666,,,,,,,,,,,,,,,,,,,,,,,,,,,,,,,,,,,,,,,,FOD,,,
3,M03T09,Terrestre,225,J,T09_225_J,666,,,,,,,,,,,,,,,,,,,,,,,,,,,,,,,,,,,,,,,,FOD,,,
3,M03T09,Terrestre,25,M,T09_25_M,666,,,,,,,,,,,,,,,,,,,,,,,,,,,,,,,,,,,,,,,,FOD,,,
3,M03T09,Terrestre,75,M,T09_75_M,666,,,,,,,,,,,,,,,,,,,,,,,,,,,,,,,,,,,,,,,,FOD,,,
3,M03T09,Terrestre,125,M,T09_125_M,666,,,,,,,,,,,,,,,,,,,,,,,,,,,,,,,,,,,,,,,,FOD,,,
3,M03T09,Terrestre,175,M,T09_175_M,666,,,,,,,,,,,,,,,,,,,,,,,,,,,,,,,,,,,,,,,,FOD,,,
3,M03T09,Terrestre,225,M,T09_225_M,666,,,,,,,,,,,,,,,,,,,,,,,,,,,,,,,,,,,,,,,,FOD,,,
3,M03T10,Terrestre,25,J,T10_25_J,675,,,,,,,,,,,,,,,,,,,,,,,,,,,,,,,,,,,,,,,,FOD,,,
3,M03T10,Terrestre,75,J,T10_75_J,675,,,,,,,,,,,,,,,,,,,,,,,,,,,,,,,,,,,,,,,,FOD,,,
3,M03T10,Terrestre,125,J,T10_125_J,675,,,,,,,,,,,,,,,,,,,,,,,,,,,,,,,,,,,,,,,,FOD,,,
3,M03T10,Terrestre,175,J,T10_175_J,675,,,,,,,,,,,,,,,,,,,,,,,,,,,,,,,,,,,,,,,,FOD,,,
3,M03T10,Terrestre,225,J,T10_225_J,675,,,,,,,,,,,,,,,,,,,,,,,,,,,,,,,,,,,,,,,,FOD,,,
3,M03T10,Terrestre,25,M,T10_25_M,675,,,,,,,,,,,,,,,,,,,,,,,,,,,,,,,,,,,,,,,,FOD,,,
3,M03T10,Terrestre,75,M,T10_75_M,675,,,,,,,,,,,,,,,,,,,,,,,,,,,,,,,,,,,,,,,,FOD,,,
3,M03T10,Terrestre,125,M,T10_125_M,675,,,,,,,,,,,,,,,,,,,,,,,,,,,,,,,,,,,,,,,,FOD,,,
3,M03T10,Terrestre,175,M,T10_175_M,675,,,,,,,,,,,,,,,,,,,,,,,,,,,,,,,,,,,,,,,,FOD,,,
3,M03T10,Terrestre,225,M,T10_225_M,675,,,,,,,,,,,,,,,,,,,,,,,,,,,,,,,,,,,,,,,,FOD,,,
3,M03R01,Ripária,25,E,R01_25_E,565,31,34,39,38,240,51,10,15,10,5,0,0,10,25,5,10,5,0,0,0,0,70,95,90,85,3,2,4,3,,,,,17,8.008229167,,,,,FOD,,,
3,M03R01,Ripária,75,E,R01_75_E,565,22,23,20,24,297,10,10,5,5,10,10,0,10,15,40,10,10,2,5,0,5,73,45,90,75,0.5,0.5,0.5,0.5,,,,,8,12.95645833,,,,,FOD,,,
3,M03R01,Ripária,125,E,R01_125_E,565,57,43,39,50,290,10,5,30,45,5,5,3,10,70,60,20,50,2,2,0,2,23,33,77,38,1,0.5,1.5,1,,,,,16,13.42083333,,,,,FOD,,,
3,M03R01,Ripária,175,E,R01_175_E,565,18,18,17,35,206,51,51,51,51,0,0,0,0,10,0,30,5,2,2,0,0,88,98,70,95,4,3,2,2,,,,,17,16.3140625,,,,,FOD,,,
3,M03R01,Ripária,225,E,R01_225_E,565,19,20,21,15,260,51,51,51,51,0,0,0,0,25,10,60,5,1,5,0,0,74,85,40,95,1,1,0.5,2,,,,,20,20.89541667,,,,,FOD,,,
3,M03R01,Ripária,25,D,R01_25_D,565,6,6,10,5,93,51,51,51,51,0,0,0,0,5,0,3,0,1,0,0,0,94,100,97,100,5,5.3,6.2,3.6,,,,,20,21.80854167,,,,,FOD,,,
3,M03R01,Ripária,75,D,R01_75_D,565,14,27,10,15,125,51,51,51,51,0,0,0,0,10,3,15,20,0,0,5,2,90,97,80,78,7,5,4,6,,,,,11,33.43875,,,,,FOD,,,
3,M03R01,Ripária,125,D,R01_125_D,565,22,15,12,12,115,51,51,25,25,0,0,0,0,1,1,0,0,5,4,5,6,94,95,95,94,5.5,3,5,7,,,,,20,7.4696875,,,,,FOD,,,
3,M03R01,Ripária,175,D,R01_175_D,565,19,55,30,33,105,10,0,20,5,25,80,10,30,10,0,40,2,10,5,15,5,55,15,35,63,3,0.5,0.5,2,,,,,20,11.1409375,,,,,FOD,,,
3,M03R01,Ripária,225,D,R01_225_D,565,13,30,20,22,95,10,51,51,51,0,0,0,0,15,10,5,0,5,60,50,10,80,30,45,90,5,0.5,0.5,0,,,,,15,14.27364583,,,,,FOD,,,
3,M03R01,Ripária,25,C,R01_25_C,565,,,,,,,,,,,,,,,,,,,,,,,,,,,,,,,,,,,15.8,,,,,FOD,,,
3,M03R01,Ripária,75,C,R01_75_C,565,,,,,,,,,,,,,,,,,,,,,,,,,,,,,,,,,,,32.39604167,,,,,FOD,,,
3,M03R01,Ripária,125,C,R01_125_C,565,,,,,,,,,,,,,,,,,,,,,,,,,,,,,,,,,,,13.3421875,,,,,FOD,,,
3,M03R01,Ripária,175,C,R01_175_C,565,,,,,,,,,,,,,,,,,,,,,,,,,,,,,,,,,,,12.75635417,,,,,FOD,,,
3,M03R01,Ripária,225,C,R01_225_C,565,,,,,,,,,,,,,,,,,,,,,,,,,,,,,,,,,,,11.501875,,,,,FOD,,,
3,M03R02,Ripária,25,E,R02_25_E,470,0.1,0.1,0.1,0.1,240,0,0,0,0,75,90,80,65,0,0,0,0,20,10,10,20,5,0,10,15,0.5,0.5,0,1,,,,,10,44.24177083,,,,,FOD,,,
3,M03R02,Ripária,75,E,R02_75_E,470,0.1,5,5,5,240,0,0,0,0,100,100,100,100,0,0,0,0,0,0,0,0,0,0,0,0,0,0,0,0,,,,,7,88.72614583,100,,,,FOD,,,
3,M03R02,Ripária,125,E,R02_125_E,470,17,24,15,10,345,30,40,15,30,1,0,2,5,5,0,0,10,2,1,0,0,92,99,98,85,3,3,1,2,,,,,16,21.803125,,,,,FOD,,,
3,M03R02,Ripária,175,E,R02_175_E,470,38,27,23,35,280,8,5,30,51,3,1,0,0,15,5,0,0,0,0,0,0,82,94,100,100,10,4,5,5,,,,,18,23.03239583,,,,,FOD,,,
3,M03R02,Ripária,225,E,R02_225_E,470,1,1,1,1,160,0,0,0,0,100,85,100,100,0,0,0,0,0,15,0,0,0,0,0,0,0,0,0,0,,,,,10,22.3578125,100,,,,FOD,,,
3,M03R02,Ripária,25,D,R02_25_D,470,10,15,30,16,160,12,5,10,28,15,0,15,20,0,5,50,40,5,2,10,15,80,93,25,25,3,5,1,4,,,,,15,9.116458333,,,,,FOD,,,
3,M03R02,Ripária,75,D,R02_75_D,470,4,20,19,15,210,51,51,51,51,0,0,0,0,0,0,5,0,0,0,0,10,100,100,95,90,8,3,2,1,,,,,14,20.98458333,,,,,FOD,,,
3,M03R02,Ripária,125,D,R02_125_D,470,0.1,1,1,0.1,210,15,12,15,10,0,0,0,15,5,0,0,15,25,20,10,40,70,80,90,30,0.5,0.5,0.5,1,,,,,6,12.49635417,,,,,FOD,,,
3,M03R02,Ripária,175,D,R02_175_D,470,0.1,0.1,1,0.1,185,2,0,5,1,25,70,15,75,15,0,5,10,10,1,15,8,50,29,65,7,0.5,1,0.5,0.5,,,,,5,59.33208333,,,,,FOD,,,
3,M03R02,Ripária,225,D,R02_225_D,470,5,0,5,5,100,5,0,10,12,18,48,5,18,0,0,0,0,80,15,80,80,2,37,15,2,0.5,0.5,1,0.5,,,,,11,35.32135417,,,,,FOD,,,
3,M03R02,Ripária,25,C,R02_25_C,470,,,,,,,,,,,,,,,,,,,,,,,,,,,,,,,,,,,37.51291667,,,,,FOD,,,
3,M03R02,Ripária,75,C,R02_75_C,470,,,,,,,,,,,,,,,,,,,,,,,,,,,,,,,,,,,25.7915625,,,,,FOD,,,
3,M03R02,Ripária,125,C,R02_125_C,470,,,,,,,,,,,,,,,,,,,,,,,,,,,,,,,,,,,81.28854167,,,,,FOD,,,
3,M03R02,Ripária,175,C,R02_175_C,470,,,,,,,,,,,,,,,,,,,,,,,,,,,,,,,,,,,78.3953125,,,,,FOD,,,
3,M03R02,Ripária,225,C,R02_225_C,470,,,,,,,,,,,,,,,,,,,,,,,,,,,,,,,,,,,92.481875,,,,,FOD,,,
3,M03R03,Ripária,25,E,R03_25_E,510,20,20,6,15,20,51,51,51,51,0,0,0,0,0,0,5,0,0,0,5,0,100,100,90,100,5,4,7,6,,,,,14,11.46791667,,,,,FOD,,,
3,M03R03,Ripária,75,E,R03_75_E,510,35,42,30,29,35,51,51,51,51,0,0,0,0,1,30,20,15,0,10,0,5,99,60,80,80,1,0.5,0.5,1,,,,,17,16.63333333,,,,,FOD,,,
3,M03R03,Ripária,125,E,R03_125_E,510,32,31,26,34,33,51,51,51,51,2,0,0,5,60,70,25,30,2,5,0,10,36,25,75,55,0.5,0.5,1,0.5,,,,,13,10.28614583,,,,,FOD,,,
3,M03R03,Ripária,175,E,R03_175_E,510,35,14,34,17,120,51,51,51,51,0,0,0,0,2,10,5,5,2,20,20,5,96,70,75,90,1,1,2,1.5,,,,,18,16.23947917,,,,,FOD,,,
3,M03R03,Ripária,225,E,R03_225_E,510,42,30,47,54,70,51,51,51,51,0,0,0,0,2,0,5,15,5,5,15,10,93,95,80,75,6,8,6,3,,,,,17,13.12791667,,,,,FOD,,,
3,M03R03,Ripária,25,D,R03_25_D,510,54,40,40,34,170,20,20,51,20,1,0,0,1,95,80,50,90,0,10,0,0,4,10,50,9,0.5,1,0.5,1,,,,,15,26.40302083,,,,,FOD,,,
3,M03R03,Ripária,75,D,R03_75_D,510,12,5,10,4,275,20,10,51,51,5,10,10,5,25,5,5,2,0,0,1,5,70,85,84,88,0.5,1,1,1,,,,,15,19.19572917,,,,,FOD,,,
3,M03R03,Ripária,125,D,R03_125_D,510,62,46,39,54,255,5,6,0,4,60,20,60,80,40,30,40,20,0,0,0,0,0,50,0,0,0,0.5,0,0,,,,,7,16.86302083,,,,,FOD,,,
3,M03R03,Ripária,175,D,R03_175_D,510,63,66,56,43,320,23,40,36,40,5,5,0,0,40,30,88,60,0,4,2,8,55,61,10,32,2,0.5,0,0.5,,,,,8,35.389375,,,,,FOD,,,
3,M03R03,Ripária,225,D,R03_225_D,510,67,51,35,42,260,15,30,10,20,5,0,0,5,70,5,10,50,10,0,0,5,15,95,90,40,0.5,1.5,2,1,,,,,13,37.21510417,,,,,FOD,,,
3,M03R03,Ripária,25,C,R03_25_C,510,,,,,,,,,,,,,,,,,,,,,,,,,,,,,,,,,,,22.99625,,,,,FOD,,,
3,M03R03,Ripária,75,C,R03_75_C,510,,,,,,,,,,,,,,,,,,,,,,,,,,,,,,,,,,,16.86770833,,,,,FOD,,,
3,M03R03,Ripária,125,C,R03_125_C,510,,,,,,,,,,,,,,,,,,,,,,,,,,,,,,,,,,,16.674375,,,,,FOD,,,
3,M03R03,Ripária,175,C,R03_175_C,510,,,,,,,,,,,,,,,,,,,,,,,,,,,,,,,,,,,10.52541667,,,,,FOD,,,
3,M03R03,Ripária,225,C,R03_225_C,510,,,,,,,,,,,,,,,,,,,,,,,,,,,,,,,,,,,37.48375,,,,,FOD,,,
3,M03R04,Ripária,25,E,R04_25_E,,,,,,,,,,,,,,,,,,,,,,,,,,,,,,,,,,,,,,,,,FOD,,,
3,M03R04,Ripária,75,E,R04_75_E,,,,,,,,,,,,,,,,,,,,,,,,,,,,,,,,,,,,,,,,,FOD,,,
3,M03R04,Ripária,125,E,R04_125_E,,,,,,,,,,,,,,,,,,,,,,,,,,,,,,,,,,,,,,,,,FOD,,,
3,M03R04,Ripária,175,E,R04_175_E,,,,,,,,,,,,,,,,,,,,,,,,,,,,,,,,,,,,,,,,,FOD,,,
3,M03R04,Ripária,225,E,R04_225_E,,,,,,,,,,,,,,,,,,,,,,,,,,,,,,,,,,,,,,,,,FOD,,,
3,M03R04,Ripária,25,D,R04_25_D,,,,,,,,,,,,,,,,,,,,,,,,,,,,,,,,,,,,,,,,,FOD,,,
3,M03R04,Ripária,75,D,R04_75_D,,,,,,,,,,,,,,,,,,,,,,,,,,,,,,,,,,,,,,,,,FOD,,,
3,M03R04,Ripária,125,D,R04_125_D,,,,,,,,,,,,,,,,,,,,,,,,,,,,,,,,,,,,,,,,,FOD,,,
3,M03R04,Ripária,175,D,R04_175_D,,,,,,,,,,,,,,,,,,,,,,,,,,,,,,,,,,,,,,,,,FOD,,,
3,M03R04,Ripária,225,D,R04_225_D,,,,,,,,,,,,,,,,,,,,,,,,,,,,,,,,,,,,,,,,,FOD,,,
3,M03R04,Ripária,25,C,R04_25_C,,,,,,,,,,,,,,,,,,,,,,,,,,,,,,,,,,,,,,,,,FOD,,,
3,M03R04,Ripária,75,C,R04_75_C,,,,,,,,,,,,,,,,,,,,,,,,,,,,,,,,,,,,,,,,,FOD,,,
3,M03R04,Ripária,125,C,R04_125_C,,,,,,,,,,,,,,,,,,,,,,,,,,,,,,,,,,,,,,,,,FOD,,,
3,M03R04,Ripária,175,C,R04_175_C,,,,,,,,,,,,,,,,,,,,,,,,,,,,,,,,,,,,,,,,,FOD,,,
3,M03R04,Ripária,225,C,R04_225_C,,,,,,,,,,,,,,,,,,,,,,,,,,,,,,,,,,,,,,,,,FOD,,,
3,M03R05,Ripária,25,E,R05_25_E,,,,,,,,,,,,,,,,,,,,,,,,,,,,,,,,,,,,,,,,,FOD,,,
3,M03R05,Ripária,75,E,R05_75_E,,,,,,,,,,,,,,,,,,,,,,,,,,,,,,,,,,,,,,,,,FOD,,,
3,M03R05,Ripária,125,E,R05_125_E,,,,,,,,,,,,,,,,,,,,,,,,,,,,,,,,,,,,,,,,,FOD,,,
3,M03R05,Ripária,175,E,R05_175_E,,,,,,,,,,,,,,,,,,,,,,,,,,,,,,,,,,,,,,,,,FOD,,,
3,M03R05,Ripária,225,E,R05_225_E,,,,,,,,,,,,,,,,,,,,,,,,,,,,,,,,,,,,,,,,,FOD,,,
3,M03R05,Ripária,25,D,R05_25_D,,,,,,,,,,,,,,,,,,,,,,,,,,,,,,,,,,,,,,,,,FOD,,,
3,M03R05,Ripária,75,D,R05_75_D,,,,,,,,,,,,,,,,,,,,,,,,,,,,,,,,,,,,,,,,,FOD,,,
3,M03R05,Ripária,125,D,R05_125_D,,,,,,,,,,,,,,,,,,,,,,,,,,,,,,,,,,,,,,,,,FOD,,,
3,M03R05,Ripária,175,D,R05_175_D,,,,,,,,,,,,,,,,,,,,,,,,,,,,,,,,,,,,,,,,,FOD,,,
3,M03R05,Ripária,225,D,R05_225_D,,,,,,,,,,,,,,,,,,,,,,,,,,,,,,,,,,,,,,,,,FOD,,,
3,M03R05,Ripária,25,C,R05_25_C,,,,,,,,,,,,,,,,,,,,,,,,,,,,,,,,,,,,,,,,,FOD,,,
3,M03R05,Ripária,75,D,R05_75_D,,,,,,,,,,,,,,,,,,,,,,,,,,,,,,,,,,,,,,,,,FOD,,,
3,M03R05,Ripária,125,D,R05_125_D,,,,,,,,,,,,,,,,,,,,,,,,,,,,,,,,,,,,,,,,,FOD,,,
3,M03R05,Ripária,175,D,R05_175_D,,,,,,,,,,,,,,,,,,,,,,,,,,,,,,,,,,,,,,,,,FOD,,,
3,M03R05,Ripária,225,D,R05_225_D,,,,,,,,,,,,,,,,,,,,,,,,,,,,,,,,,,,,,,,,,FOD,,,
